date,level_bp,change_1d_bp,zscore_20,zscore_60,realized_vol_20_bp,realized_vol_60_bp,current_series_percentile,regime,series
2025-09-30,263.6,,,,,,100.0,0,Xover
2025-10-01,263.14277500000003,-0.457224999999994,,,,,50.0,0,Xover
2025-10-02,257.75,-5.392775000000029,,,,,33.33333333333333,0,Xover
2025-10-03,258.628,0.8779999999999859,,,,,50.0,0,Xover
2025-10-06,261.967,3.3389999999999986,,,,,60.0,0,Xover
2025-10-07,262.28499999999997,0.31799999999998363,,,,,66.66666666666666,0,Xover
2025-10-08,265.5285,3.24350000000004,,,,,100.0,0,Xover
2025-10-09,269.971,4.4424999999999955,,,,,100.0,0,Xover
2025-10-10,276.8025,6.8315000000000055,,,,,100.0,0,Xover
2025-10-13,282.25,5.447499999999991,2.030635455798096,,,,100.0,0,Xover
2025-10-14,286.11850000000004,3.86850000000004,1.8847598714508607,,3.53034088574792,,100.0,0,Xover
2025-10-15,269.25,-16.86850000000004,0.12454966561336082,,6.6672504973692615,,66.66666666666666,0,Xover
2025-10-16,269.7,0.44999999999998863,0.16717784091697602,,6.357000465256027,,69.23076923076923,0,Xover
2025-10-17,278.5017,8.80170000000004,1.0738900544130816,,6.506504251120411,,85.71428571428571,0,Xover
2025-10-20,272.57849999999996,-5.923200000000065,0.3918609793138225,,6.5305374621838395,,73.33333333333333,0,Xover
2025-10-21,268.4,-4.1784999999999854,-0.09069953640904278,,6.414853972178575,,50.0,0,Xover
2025-10-22,269.5,1.1000000000000227,0.04035402500325484,,6.200404802813299,,58.82352941176471,0,Xover
2025-10-23,269.5,0.0,0.03928320129600798,,6.004182259696309,,58.333333333333336,0,Xover
2025-10-24,265.25,-4.25,-0.48834113864033196,,5.924833930565448,,36.84210526315789,0,Xover
2025-10-27,259.8175,-5.4325000000000045,-1.1278417989926277,,5.895725668806515,,15.0,0,Xover
2025-10-28,258.0695,-1.7479999999999905,-1.2723121307760785,,5.748920537204553,,9.523809523809524,0,Xover
2025-10-29,258.4,0.33049999999997226,-1.168318539781145,,5.750315601616083,,13.636363636363635,0,Xover
2025-10-30,262.7025,4.302500000000009,-0.6970919406214079,,5.701266146620892,,34.78260869565217,0,Xover
2025-10-31,262.389,-0.31349999999997635,-0.7792656576086467,,5.700557603520273,,33.33333333333333,0,Xover
2025-11-03,264.40000000000003,2.011000000000024,-0.5424662650702786,,5.669573753726778,,48.0,0,Xover
2025-11-04,268.4785,4.078499999999963,-0.053262811953280254,,5.738367203204753,,61.53846153846154,0,Xover
2025-11-05,265.75,-2.728499999999997,-0.4166225256998309,,5.733044768420238,,55.55555555555556,0,Xover
2025-11-06,264.25,-1.5,-0.572671190685116,,5.64459871693846,,42.857142857142854,0,Xover
2025-11-07,270.0,5.75,0.23544062954784165,,5.577607005826738,,82.75862068965517,0,Xover
2025-11-10,262.565,-7.435000000000002,-0.7055075684051483,-0.6221746280628825,5.617767894111095,,30.0,0,Xover
2025-11-11,261.444437,-1.1205630000000042,-0.8992782251758248,-0.7622911405087563,5.500487381853075,5.146192097376769,19.35483870967742,0,Xover
2025-11-12,258.3945,-3.049937,-1.3334553677115746,-1.1562612547961428,4.130477645429344,5.087888865467938,9.375,0,Xover
2025-11-13,261.407875,3.0133749999999964,-0.693291873900337,-0.7088407029575551,4.202055399699826,5.036648774434305,21.21212121212121,0,Xover
2025-11-14,268.0,6.59212500000001,0.7902577732400785,0.2373983761615856,3.96960817960856,5.091114722183194,61.76470588235294,0,Xover
2025-11-17,266.51,-1.490000000000009,0.5689831864430287,0.01928243842540448,3.771128165589093,5.0211071957914175,60.0,0,Xover
2025-11-18,272.3645,5.85450000000003,1.8564754279359479,0.8663178128370098,3.8938380794105707,5.041911263922988,86.11111111111111,0,Xover
2025-11-19,268.3155,-4.049000000000035,0.9339564484418438,0.2596958990090627,3.999852870877605,5.020759887198345,62.16216216216216,0,Xover
2025-11-20,261.656,-6.65949999999998,-0.5801747200860575,-0.729929494398574,4.263185813000391,5.074844034323811,23.684210526315788,0,Xover
2025-11-21,270.50149999999996,8.845499999999959,1.4484783742957692,0.6022385923589724,4.629415028890842,5.209754573628896,84.61538461538461,0,Xover
2025-11-24,264.355,-6.146499999999946,-0.03420192213295318,-0.33410389496041115,4.6781409937162834,5.239664930786679,45.0,0,Xover
2025-11-25,262.0,-2.355000000000018,-0.683923633095271,-0.6862760353867444,4.693571105832939,5.185660720774708,26.82926829268293,0,Xover
2025-11-26,259.75,-2.25,-1.3064828535392534,-1.0117226726555137,4.72505734327324,5.132048769590456,14.285714285714285,0,Xover
2025-11-27,258.03,-1.7200000000000273,-1.584447972045437,-1.241103712669303,4.631946146541128,5.075282568688105,4.651162790697675,0,Xover
2025-11-28,257.78,-0.25,-1.4984255173377468,-1.2420475036356746,4.631910277157948,5.014530498594114,4.545454545454546,0,Xover
2025-12-01,257.65,-0.12999999999999545,-1.3729077916125842,-1.2262327912631883,4.602025077970891,4.955879067014958,2.2222222222222223,0,Xover
2025-12-02,254.907,-2.7429999999999666,-1.7137630082995545,-1.5805577208948123,4.509363315338471,4.914637371960275,2.1739130434782608,0,Xover
2025-12-03,254.718,-0.18900000000002137,-1.539109148866905,-1.5490567290614436,4.484287368410228,4.859723538045746,2.127659574468085,0,Xover
2025-12-04,254.8255,0.10750000000001592,-1.356411902333412,-1.4808907783095813,4.480798673431516,4.806810180460535,4.166666666666666,0,Xover
2025-12-05,253.0,-1.8255000000000052,-1.5193870059339614,-1.6764976344407247,4.24099410235003,4.761278324896575,2.0408163265306123,0,Xover
2025-12-08,253.7,0.6999999999999886,-1.2556812062391987,-1.522998540087079,3.956779340888689,4.713256746814438,4.0,0,Xover
2025-12-09,256.455,2.7549999999999955,-0.7257377959948655,-1.110615072260659,4.01631542999675,4.6836212405648485,11.76470588235294,0,Xover
2025-12-10,255.75,-0.7049999999999841,-0.811652046487808,-1.1811511234913206,3.9641483282152863,4.63721651319995,11.538461538461538,0,Xover
2025-12-11,249.485,-6.264999999999986,-1.6295134409115637,-1.9584166622854615,4.116633046187794,4.669080504547796,1.8867924528301887,0,Xover
2025-12-12,248.0115,-1.4735000000000014,-1.6425290802236014,-2.0502105255000296,3.7545237005195604,4.626914635463959,1.8518518518518516,0,Xover
2025-12-15,249.72,1.7084999999999866,-1.2500858993399542,-1.7562828524533924,3.8003683339492427,4.591151989392752,5.454545454545454,0,Xover
2025-12-16,249.75,0.030000000000001137,-1.1917631667391844,-1.690429678882557,3.4691371916667078,4.548607339798792,7.142857142857142,0,Xover
2025-12-17,250.2715,0.5215000000000032,-1.0329227772056133,-1.5738777232782168,3.4169268217600233,4.5082512101780985,8.771929824561402,0,Xover
2025-12-18,248.086,-2.1854999999999905,-1.2737910736892366,-1.7777970113983859,3.1567130723352954,4.4752579256756135,3.4482758620689653,0,Xover
2025-12-19,246.0,-2.0860000000000127,-1.6601116343099136,-1.9470786547573515,2.2317270470422574,4.442216753744724,1.694915254237288,0,Xover
2025-12-22,245.464,-0.5360000000000014,-1.6582910545843492,-1.9292259778628962,1.909974117350115,4.403859349484304,1.6666666666666667,0,Xover
2025-12-23,243.825,-1.63900000000001,-1.8212912390938443,-2.008004788912485,1.8887378164990674,4.369761868413453,1.639344262295082,0,Xover
2025-12-24,244.16500000000002,0.34000000000003183,-1.5817262412744055,-1.8753859136414384,1.8807095560480653,4.370579151519216,3.225806451612903,0,Xover
2025-12-29,246.942,2.776999999999987,-0.8997999472353111,-1.5252087286205154,2.0255610437864466,4.336876150341245,7.936507936507936,0,Xover
2025-12-30,243.28674999999998,-3.6552500000000236,-1.538226070444379,-1.832856581553512,2.1385912515679286,4.357567883365781,1.5625,0,Xover
2025-12-31,243.95,0.663250000000005,-1.2804878051901765,-1.6901753299880806,2.157472859193802,4.333782968441225,4.615384615384616,0,Xover
2026-01-02,243.535,-0.41499999999999204,-1.2415922359695908,-1.6599917175483172,2.102700649728442,4.333043602976014,3.0303030303030303,0,Xover
2026-01-05,243.111,-0.4240000000000066,-1.2123130598169882,-1.6299587376057538,2.10112378671635,4.307824700501284,1.4925373134328357,0,Xover
2026-01-06,242.202,-0.9089999999999918,-1.291243910258244,-1.6464625075401849,2.0958971419431,4.2615707348019845,1.4705882352941175,0,Xover
2026-01-07,242.5,0.2980000000000018,-1.108315861848308,-1.5670370919047474,2.0859732440757695,4.154145295839992,2.898550724637681,0,Xover
2026-01-08,244.00000000000003,1.5000000000000284,-0.6848951626604246,-1.4009263779880983,2.1181223453183335,4.087931512602924,11.428571428571429,0,Xover
2026-01-09,241.15,-2.8500000000000227,-1.350594312969002,-1.6760976760617,2.0360853419581524,4.05428978767581,1.4084507042253522,0,Xover
2026-01-12,241.36,0.21000000000000796,-1.3348080570343628,-1.5912992244961477,2.0477567717023026,3.459291217413365,2.7777777777777777,0,Xover
2026-01-13,240.25,-1.1100000000000136,-1.5320178716464488,-1.6378251687916394,1.58519576866708,3.4581610864380794,1.36986301369863,0,Xover
2026-01-14,244.03000000000003,3.7800000000000296,-0.2214997604875789,-1.2388995693110274,1.8257357386818134,3.2859288043135235,16.216216216216218,0,Xover
2026-01-15,242.18525,-1.8447500000000332,-0.7759279221397903,-1.3883399203716174,1.803082642665868,3.2148234618442886,5.333333333333334,0,Xover
2026-01-16,243.18200000000002,0.99675000000002,-0.32800916349926734,-1.243829729342345,1.827355517364408,3.18391256453383,10.526315789473683,0,Xover
2026-01-19,249.13500000000002,5.953000000000003,2.2982727750732304,-0.5996792633382693,2.302217831015868,3.283280108239527,27.27272727272727,0,Xover
2026-01-20,255.0694,5.934399999999982,3.3092965974459747,0.05379193110662818,2.603346154794679,3.3815912111773123,39.743589743589745,0,Xover
2026-01-21,250.5,-4.569400000000002,1.7000682657592354,-0.4169214097082556,2.7789123863577743,3.388254803893962,32.91139240506329,0,Xover
2026-01-22,241.91000000000003,-8.589999999999975,-0.6732021348289752,-1.3051831005513408,3.407472324249505,3.4930764672639043,5.0,0,Xover
2026-01-23,242.25,0.339999999999975,-0.5515405740177236,-1.2259933430822976,3.3915008222567815,3.488788835449384,8.641975308641975,0,Xover
2026-01-26,242.955,0.7050000000000125,-0.3378452964623564,-1.1137740223232502,3.3948531475099037,3.4902045544942206,10.975609756097562,0,Xover
2026-01-27,241.0,-1.9550000000000125,-0.7958303725489766,-1.2742975964647478,3.3513050307227155,3.444835205925443,2.4096385542168677,0,Xover
2026-01-28,243.5,2.5,-0.10753571267282681,-0.9787833175833838,3.309045852534781,3.4645947912859048,16.666666666666664,0,Xover
2026-01-29,246.4245,2.9244999999999948,0.6591724673837995,-0.6464697073528011,3.370575623043918,3.476973767621658,27.058823529411764,0,Xover
2026-01-30,246.625,0.20050000000000523,0.6638066530317391,-0.5997772567336317,3.3682069909593397,3.4299360206260276,27.906976744186046,0,Xover
2026-02-02,246.29999999999998,-0.32500000000001705,0.5300101613585619,-0.6094120620152067,3.367384712948611,3.4158619711488662,26.436781609195403,0,Xover
2026-02-03,242.3735,-3.926499999999976,-0.5274599479151432,-1.008662522478466,3.4833774670607127,3.4442650862149073,10.227272727272728,0,Xover
2026-02-04,244.43,2.0564999999999998,-0.00040137368892141374,-0.7579639608772563,3.5131337551132007,3.36522777794705,24.719101123595504,0,Xover
2026-02-05,248.385,3.954999999999984,0.9839062265550903,-0.2821576030143224,3.606404577787161,3.2834185287219433,34.44444444444444,0,Xover
2026-02-06,246.855,-1.5300000000000011,0.5141707657429886,-0.4367136523942079,3.5590461879775974,3.2857120431870857,30.76923076923077,0,Xover
2026-02-09,242.898,-3.9569999999999936,-0.5762583544280355,-0.872074513849193,3.6834781449702745,3.3008966856704722,11.956521739130435,0,Xover
2026-02-10,241.30100000000002,-1.59699999999998,-1.044170648228509,-1.0263642916108786,3.6933337158424924,3.2770218198222145,4.301075268817205,0,Xover
2026-02-11,243.362,2.0609999999999786,-0.46154445014747375,-0.7607212912078909,3.6213243044717554,3.164972435158117,18.085106382978726,0,Xover
2026-02-12,242.6575,-0.7044999999999959,-0.6660963486905368,-0.8249308228214536,3.600220625764145,3.1620552802225936,12.631578947368421,0,Xover
2026-02-13,247.663,5.005500000000012,0.6589263707639496,-0.15026022301834188,3.76506717050586,3.1353907739471762,35.41666666666667,0,Xover
2026-02-16,248.125,0.4619999999999891,0.8118327935316579,-0.043421467497610715,3.5173785335702776,3.1005850082667727,38.144329896907216,0,Xover
2026-02-17,251.445,3.319999999999993,2.0618314819039436,0.48363108967835344,3.3266592305826883,3.0223293448432336,45.91836734693878,0,Xover
2026-02-18,247.60399999999998,-3.841000000000008,0.9327941582837299,-0.04476583123958415,3.279745727467613,2.8177521386661395,34.34343434343434,0,Xover
2026-02-19,248.99999999999997,1.3959999999999866,1.2714756573434114,0.25135852705092243,2.6202105228798898,2.7228534121934973,40.0,0,Xover
2026-02-20,249.355,0.3550000000000182,1.2517052114150873,0.3762081383278523,2.620208300779475,2.7098895412475206,41.584158415841586,0,Xover
2026-02-23,248.44000000000003,-0.9149999999999636,0.8553601768603876,0.2485345704788431,2.633831801867061,2.698318063604227,39.21568627450981,0,Xover
2026-02-24,252.59,4.149999999999977,1.9700139964536303,1.144061542484109,2.714412415820016,2.747809945514181,48.54368932038835,0,Xover
2026-02-25,250.793,-1.796999999999997,1.2500923212606971,0.8238131553588683,2.7244398946340596,2.756574298174441,47.11538461538461,0,Xover
2026-02-26,252.51,1.7169999999999845,1.5756507525063403,1.2589248620113094,2.677705201115109,2.76671471428226,48.57142857142857,0,Xover
2026-02-27,259.925,7.4150000000000205,2.727239848533052,2.787358632384292,3.1134782377338177,2.908511002660787,66.98113207547169,0,Xover
2026-03-02,269.125,9.199999999999989,3.106659355682954,4.083350876820233,3.63832691270097,3.1371781802763836,87.85046728971963,0,Xover
2026-03-03,277.46575,8.340750000000014,3.0019556827129144,4.547237500862113,3.770644722265151,3.3067579210267706,97.22222222222221,0,Xover
2026-03-04,267.809,-9.656749999999988,1.6674494082988076,2.8362094428273315,4.550335543295562,3.5414076167686948,82.56880733944955,0,Xover
2026-03-05,269.4,1.5909999999999513,1.6025049425417253,2.8261432479503417,4.504630041325314,3.5452061901938343,88.18181818181819,0,Xover
2026-03-06,284.96000000000004,15.56000000000006,2.4278818543593386,4.1103824754861105,5.500223939818992,4.047661430242167,99.09909909909909,0,Xover
2026-03-09,303.19765,18.237649999999974,2.81201617969319,4.769627631637553,6.417689347426563,4.648247342881076,100.0,0,Xover
2026-03-10,277.2,-25.99765000000002,1.0850461488871321,2.3097697146835787,9.099568730729125,5.728479082357347,94.69026548672566,0,Xover
2026-03-11,284.28,7.079999999999984,1.3609992995354594,2.675354329776759,9.17617717522132,5.785643687512733,97.36842105263158,0,Xover
2026-03-12,294.7335,10.45350000000002,1.737607885041587,3.1374497581942022,9.337925817444972,5.922460177016599,99.1304347826087,0,Xover
2026-03-13,300.75,6.016500000000008,1.7942092620793608,3.1879953353864985,9.3543335446311,5.960426221308427,99.13793103448276,0,Xover
2026-03-16,305.38800000000003,4.638000000000034,1.7667954426914194,3.128996512799363,9.349427466906596,5.980239733851494,100.0,0,Xover
2026-03-17,295.287813,-10.100187000000005,1.1406351603904878,2.358844150310609,9.78629118640572,6.135154458293763,97.45762711864407,0,Xover
2026-03-18,297.085,1.7971869999999512,1.1136530177705082,2.3034788270606215,9.684024155842664,6.1248098929629515,97.47899159663865,0,Xover
2026-03-19,309.5,12.41500000000002,1.5375867166765778,2.7307893562970813,9.929794427876722,6.300767424904164,100.0,0,Xover
2026-03-20,311.0375,1.5375000000000227,1.450697160140313,2.5953957098836673,9.916571381054519,6.2909803732410925,100.0,0,Xover
2026-03-23,343.15000000000003,,,,,,100.0,1,Xover
2026-03-24,342.5,-0.6500000000000341,,,,,50.0,1,Xover
2026-03-25,332.0,-10.5,,,,,33.33333333333333,1,Xover
2026-03-26,342.96799999999996,10.967999999999961,,,,,75.0,1,Xover
2026-03-27,362.27250000000004,19.304500000000075,,,,,100.0,1,Xover
2026-03-30,364.70000000000005,2.427500000000009,,,,,100.0,1,Xover
2026-03-31,354.45,-10.250000000000057,,,,,71.42857142857143,1,Xover
2026-04-01,331.76485,-22.685149999999965,,,,,12.5,1,Xover
2026-04-02,337.6553,5.890449999999987,,,,,33.33333333333333,1,Xover
2026-04-07,327.15000000000003,-10.505299999999977,-1.2973350787264286,,,,10.0,1,Xover
2026-04-08,299.35415,-27.79585000000003,-2.2292944162471837,,14.738705241699309,,9.090909090909092,1,Xover
2026-04-09,300.0,0.6458499999999958,-1.7568507401556797,,14.064224038111098,,16.666666666666664,1,Xover
2026-04-10,290.99424999999997,-9.005750000000035,-1.7831184060983414,,13.489753703023597,,7.6923076923076925,1,Xover
2026-04-13,298.9,7.905750000000012,-1.2977372694443428,,13.355004940649623,,14.285714285714285,1,Xover
2026-04-14,286.108,-12.791999999999973,-1.585875300753758,,13.07409589553555,,6.666666666666667,1,Xover
2026-04-15,283.65000000000003,-2.45799999999997,-1.4949747490779584,,12.605425241363156,,6.25,1,Xover
2026-04-16,283.075,-0.5750000000000455,-1.3775025452569964,,12.207480977724279,,5.88235294117647,1,Xover
2026-04-17,275.8223,-7.252700000000004,-1.4765933687061534,,11.850251048731401,,5.555555555555555,1,Xover
2026-04-20,279.5,3.6777000000000157,-1.256528122263484,,11.636543329586324,,10.526315789473683,1,Xover
2026-04-21,281.35775,1.85775000000001,-1.1250904175917913,,11.376188288547766,,15.0,1,Xover
2026-04-22,285.017,3.659249999999986,-0.9100537932968409,,11.180099624450207,,28.57142857142857,1,Xover
2026-04-23,288.4375,3.420500000000004,-0.7190535726248067,,11.260106183540426,,36.36363636363637,1,Xover
2026-04-24,289.205,0.7674999999999841,-0.6254201323697928,,11.13060263261892,,39.130434782608695,1,Xover
2026-04-27,289.475,0.27000000000003865,-0.5440986963863457,,10.716901086699709,,41.66666666666667,1,Xover
2026-04-28,291.8601,2.385099999999966,-0.38363851905744395,,9.48792068524916,,48.0,1,Xover
2026-04-29,294.5155,2.655399999999986,-0.17972815160763336,,9.49557413315748,,50.0,1,Xover
2026-04-30,297.5,2.9845000000000255,0.1121794498487898,,9.462183601078888,,51.85185185185185,1,Xover
2026-05-01,286.055,-11.444999999999993,-0.47944100080724883,,8.5075602651449,,25.0,1,Xover
2026-05-05,288.442222,2.3872220000000084,-0.2185898178135184,,8.36524025624891,,34.48275862068966,1,Xover
2026-05-06,275.255,-13.18722200000002,-1.7550696402472674,-1.115080176473453,8.521029538116329,,3.3333333333333335,1,Xover
2026-05-07,273.94000000000005,-1.3149999999999409,-1.721721949399889,-1.1184493570207057,6.11741040592531,9.703413032615735,3.225806451612903,1,Xover
2026-05-08,277.566,3.6259999999999195,-1.152008260002807,-0.960602432957205,6.2022575618397395,9.59964495753082,12.5,1,Xover
2026-05-11,277.75,0.18400000000002592,-1.0186316868836676,-0.9269069126832349,5.921486349855346,9.452288444475588,15.151515151515152,1,Xover
2026-05-12,281.3665,3.6164999999999736,-0.4459708222532493,-0.7802604401452004,5.667049391076292,9.355456346616034,23.52941176470588,1,Xover
2026-05-13,281.675,0.30850000000003774,-0.3646563813130013,-0.7520443799707246,4.925989305550532,9.220204645398395,25.71428571428571,1,Xover
2026-05-14,274.75,-6.925000000000011,-1.2866981461653282,-0.972070960090089,5.12977878654865,9.124686035867732,5.555555555555555,1,Xover
2026-05-15,280.381,5.630999999999972,-0.44864958804072913,-0.7544275473212491,5.306168861655102,9.081810329624451,21.62162162162162,1,Xover
2026-05-18,280.67,0.2890000000000441,-0.4550711692447391,-0.7290136487688527,5.0347365348152495,8.96101819595575,23.684210526315788,1,Xover
2026-05-19,284.05,3.3799999999999955,0.012992663282525642,-0.596234301171258,5.024475227898592,8.87725549692293,38.46153846153847,1,Xover
2026-05-20,282.625,-1.4250000000000114,-0.21101741988204922,-0.6368580475482958,5.0220350970756895,8.759695597081045,32.5,1,Xover
2026-05-21,279.748,-2.8770000000000095,-0.5987812154155326,-0.7287364752401067,4.98827620433819,8.649200463070189,19.51219512195122,1,Xover
2026-05-22,274.89300000000003,-4.854999999999961,-1.1890692771905549,-0.8887544469254772,5.009789044366646,8.555655813413127,7.142857142857142,1,Xover
2026-05-26,268.928,-5.965000000000032,-1.7727813773833732,-1.0814342007273303,5.132295810405267,8.476684314881902,2.3255813953488373,1,Xover
2026-05-27,265.5525,-3.375499999999988,-1.901429184114512,-1.1730944090801276,5.149007987298778,8.378753971166875,2.272727272727273,1,Xover
2026-05-28,266.0,0.4474999999999909,-1.6413505378588498,-1.126986496907738,5.096035599334808,8.287710729161235,4.444444444444445,1,Xover
2026-05-29,259.46500000000003,-6.534999999999968,-2.1232440058414768,-1.3247911085142388,5.135467152901454,8.223939478416003,2.1739130434782608,1,Xover
2026-06-01,260.498,1.0329999999999586,-1.8962362696897415,-1.2514376216972816,5.058691118183402,8.143225625963456,4.25531914893617,1,Xover
2026-06-02,258.755,-1.742999999999995,-1.831675370023026,-1.2776019081286596,4.527458244479284,8.054229772928164,2.083333333333333,1,Xover
2026-06-03,261.3,2.545000000000016,-1.406290187370368,-1.1576402590684556,4.534472465820596,7.992678844033211,8.16326530612245,1,Xover
2026-06-04,262.0,0.6999999999999886,-1.197354696306567,-1.1071014923963916,3.5931572815561292,7.916443823920502,10.0,1,Xover
2026-06-05,261.33750000000003,-0.6624999999999659,-1.156406753456192,-1.1057161200599073,3.5898840909121352,7.836507337246989,9.803921568627452,1,Xover
2026-06-08,266.29575,4.958249999999964,-0.5565653180546758,-0.913149430049443,3.6841386807385965,7.812510800797377,17.307692307692307,1,Xover
2026-06-09,261.294,-5.0017500000000155,-0.9971013026474517,-1.068704709836527,3.8091251625468057,7.750705252046043,7.547169811320755,1,Xover
2026-06-10,264.895,3.600999999999999,-0.5381500803100678,-0.9245797389732322,3.808175868841431,7.7086638565678065,14.814814814814813,1,Xover
2026-06-11,263.9595,-0.9354999999999905,-0.5668332587054761,-0.9412841701089619,3.7988600929648513,7.635949225674194,14.545454545454545,1,Xover
2026-06-12,254.99999999999997,-8.95950000000002,-1.4198278147441483,-1.231314342223247,3.9914465085057866,7.632088152623738,1.7857142857142856,1,Xover
2026-06-15,248.25,-6.749999999999972,-1.8827030772281506,-1.4301931275023743,3.869167361298387,7.593603598599778,1.7543859649122806,1,Xover
2026-06-16,248.6664,0.4164000000000101,-1.64781033353985,-1.3795104797093851,3.8725557363186667,7.530690985651367,3.4482758620689653,1,Xover
2026-06-17,250.9635,2.2971000000000004,-1.3344202344646925,-1.2704305942654996,3.8062623995649565,7.482380747240428,5.084745762711865,1,Xover
2026-06-18,251.40750000000003,0.4440000000000168,-1.2378341256319203,-1.2284658325488198,3.8350238826711074,7.422319508152231,6.666666666666667,1,Xover
2026-06-19,249.375,-2.0325000000000273,-1.4431149543698845,-1.2685257892010433,3.8244046082536114,7.359407913088908,4.918032786885246,1,Xover
2026-06-22,247.48250000000002,-1.892499999999984,-1.5998167335610378,-1.3060725079833977,3.744926769943137,7.358543614279623,1.6129032258064515,1,Xover
2026-06-23,249.20000000000002,1.7175000000000011,-1.2363466125504232,-1.2112464394084528,3.64143343157318,7.276208709606633,6.349206349206349,1,Xover
2026-06-24,248.0765,-1.123500000000007,-1.2647589442938427,-1.230907507045078,3.5982315370850673,7.093570168836323,3.125,1,Xover
2026-06-25,246.91,-1.1665000000000134,-1.3020352308016416,-1.292392606803315,3.5851133983019414,6.542905807710066,1.5384615384615385,1,Xover
2026-06-26,248.83,1.920000000000016,-0.9262233242586859,-1.2575336819160248,3.385372110815016,6.537512576120258,9.090909090909092,1,Xover
2026-06-29,247.14,-1.6900000000000261,-1.0576736655795378,-1.380418847766469,3.3738663304177052,6.445651690184562,2.9850746268656714,1,Xover
2026-06-30,244.125,-3.0149999999999864,-1.3273100264915656,-1.5305761409550496,3.407025601181356,5.836217805280953,1.4705882352941175,1,Xover
2026-07-01,245.739,1.6140000000000043,-1.0012819710907295,-1.4871433845166224,3.366016116584288,5.7706662333200045,2.898550724637681,1,Xover
2026-07-02,242.702,-3.037000000000006,-1.279960950386898,-1.680630768753408,3.3833274675041927,5.653181400810778,1.4285714285714286,1,Xover
2026-07-03,241.515,-1.1870000000000118,-1.302629572307871,-1.693588201692956,3.38289285992188,4.46730201957157,1.4084507042253522,1,Xover
2026-07-06,240.18470000000002,-1.3302999999999656,-1.410328431446534,-1.7170194712065643,3.0794565623394425,4.4625142666465205,1.3888888888888888,1,Xover
2026-07-07,240.39999999999998,0.21529999999995653,-1.2740517755710397,-1.639610270552698,2.9688579897256475,4.3390989495256305,2.73972602739726,1,Xover
2026-07-08,247.9,7.500000000000028,0.0016267593339802811,-1.1665797956492754,3.3883507636265118,4.3255274739670195,13.513513513513514,1,Xover
2026-07-09,246.04999999999998,-1.8500000000000227,-0.25144323652282613,-1.2349028208103559,3.3957312873161567,4.034374056605125,9.333333333333334,1,Xover
2026-07-10,244.29500000000002,-1.754999999999967,-0.6571237171658766,-1.2935449773423369,2.8303233174990576,4.030104899038307,7.894736842105263,1,Xover
2026-07-13,247.92874999999998,3.6337499999999636,0.45151479545969264,-1.0415330794002384,2.570789370728618,4.067986739528963,16.883116883116884,1,Xover
2026-07-14,252.35,4.421250000000015,1.6283175832581043,-0.7535241980772577,2.7555778744117005,4.022633870201967,28.205128205128204,1,Xover
2026-07-15,249.925,-2.424999999999983,0.9695555592180698,-0.868406871663302,2.767284978976389,3.9950669377368775,25.31645569620253,1,Xover
2026-07-16,250.995,1.0699999999999932,1.2963579524041065,-0.7773429460538708,2.776713669472741,3.988499914714603,27.500000000000004,1,Xover
2026-07-17,256.9398,5.9447999999999865,2.4388720166807114,-0.39936853081168644,3.033578969268707,4.039542730632822,32.098765432098766,1,Xover
2026-07-20,255.938,-1.001800000000003,1.8772835236822156,-0.4350590714776102,3.0048908275334494,4.007610134038422,31.70731707317073,1,Xover
2026-07-21,255.2155,-0.7224999999999966,1.5469027200885466,-0.4541724060632065,2.999084692144891,4.003975157605083,31.32530120481928,1,Xover
2026-07-22,257.426,2.210499999999996,1.7375402833643496,-0.2886690875266981,3.008395124896315,4.018656517439895,34.523809523809526,1,Xover
2026-07-23,264.76980000000003,7.343800000000044,2.421420095286418,0.22095050987598877,3.3478280014848822,4.129178265981669,44.70588235294118,1,Xover
2026-07-24,267.5,2.730199999999968,2.2773703037388286,0.4513158605281376,3.3657631031578688,4.130143369203578,50.0,1,Xover
2026-07-27,258.4792,-9.020800000000008,1.0073447811504777,-0.13793311863605712,4.004978276260151,4.249987975942913,34.48275862068966,1,Xover
2026-07-28,261.15,2.6707999999999856,1.2085891598665897,0.09221873512222503,3.938584157142599,4.027166254365891,38.63636363636363,1,Xover
2026-07-29,266.01,4.860000000000014,1.5839204337268804,0.5101141961397345,4.037312298358109,4.068768382453193,49.43820224719101,1,Xover
2026-07-30,265.515,-0.49500000000000455,1.3683988190730787,0.4893374512139807,3.9419711933511734,3.704979494381216,46.666666666666664,1,Xover
2026-07-31,259.118,-6.396999999999991,0.5632804290942374,-0.002897732627216774,4.262965417683841,3.78891669320171,35.16483516483517,1,Xover
2026-08-03,253.5,-5.617999999999995,-0.20450375259251388,-0.433072898160626,4.482159104661497,3.8166011062289167,27.173913043478258,1,Xover
2026-08-04,249.921,-3.5790000000000077,-0.8053675449057319,-0.7019793011103258,4.581430080771718,3.8376831371821756,21.50537634408602,1,Xover
2026-08-05,249.14499999999998,-0.7760000000000105,-0.9342738629724613,-0.7429835999895039,4.277281951223591,3.800240417355643,19.148936170212767,1,Xover
2026-08-06,250.73000000000002,1.5850000000000364,-0.7685777572167208,-0.5817882836987461,4.265404177584796,3.808618074462002,24.210526315789473,1,Xover
2026-08-07,248.99999999999997,-1.7300000000000466,-1.124219867872934,-0.7102455348100309,4.264794231569858,3.718426046817352,18.75,1,Xover
2026-08-10,249.2415,0.24150000000003047,-1.1109567697511031,-0.6655340693266568,4.189308420028891,3.6336816684399453,21.649484536082475,1,Xover
2026-08-11,252.10250000000002,2.8610000000000184,-0.6475955536911874,-0.36711710267514736,4.117847981508758,3.6584616236523924,29.591836734693878,1,Xover
2026-08-12,250.876,-1.2265000000000157,-0.8588161303488514,-0.46543718292135694,4.089513469904004,3.624342942766271,26.262626262626267,1,Xover
2026-08-13,248.02499999999998,-2.8510000000000275,-1.262819149765925,-0.760985431523048,4.1316860585378175,3.634819040965449,14.000000000000002,1,Xover
2026-08-14,246.3456,-1.679399999999987,-1.3680452174800855,-0.9522878152549501,3.884210227100971,3.6252486564333437,8.91089108910891,1,Xover
2026-08-17,247.7605,1.4149000000000171,-1.060928763631834,-0.7638950213233004,3.906279087083282,3.589438260677781,12.745098039215685,1,Xover
2026-08-18,252.04500000000002,4.284500000000008,-0.41594094465046105,-0.1800996317024175,4.043169780581228,3.566450587147534,32.038834951456316,1,Xover
2026-08-19,250.49499999999998,-1.5500000000000398,-0.5857345452395142,-0.3617336167791408,4.014539829629818,3.5473430188408943,26.923076923076923,1,Xover
2026-08-20,252.81080000000003,2.3158000000000527,-0.1793394085739507,-0.015506441461597614,3.648335280284475,3.5617486080171195,35.23809523809524,1,Xover
2026-08-21,251.143,-1.6678000000000281,-0.3517041096286773,-0.231939603984635,3.5688530697071132,3.4697175580847195,31.132075471698112,1,Xover
2026-08-24,250.0,-1.1430000000000007,-0.4848356373329205,-0.37229178095824017,3.006238072373753,3.4686349519741237,26.168224299065418,1,Xover
2026-08-25,246.6646,-3.335399999999993,-0.981926719007667,-0.8204373806706574,2.980701975798034,3.4868800716189168,9.25925925925926,1,Xover
2026-08-26,245.453,-1.2116000000000042,-1.2199302275508397,-0.9616646621306472,2.6755944137410075,3.4704159237453576,6.422018348623854,1,Xover
2026-08-27,246.45,0.9969999999999857,-1.155003971998679,-0.790653548703843,2.7117880008545883,3.472025830015356,10.0,1,Xover
2026-08-28,246.71645,0.2664500000000203,-1.1523743674668832,-0.725087231475718,2.3990707060769516,3.4722679813579678,11.711711711711711,1,Xover
2026-09-01,251.67700000000002,4.960550000000012,1.06102433123546,0.04325591410190975,2.4053028343641043,3.472326395524859,35.714285714285715,1,Xover
2026-09-02,252.669,0.9919999999999902,1.3724943537523153,0.22207787334493773,2.269796733595785,3.4189266328801193,38.93805309734513,1,Xover
2026-09-03,251.84,-0.8290000000000077,0.9362438725737738,0.13154753403046623,2.2709499052969906,3.38434539967389,35.96491228070175,1,Xover
2026-09-04,248.99999999999997,-2.840000000000032,-0.2168416044661908,-0.3029208223806223,2.3368212465137095,3.400087352074551,22.17391304347826,1,Xover
2026-09-07,249.494,0.4940000000000282,-0.019553730768892115,-0.20432862053470105,2.3072256799363777,3.2029407883405923,26.72413793103448,1,Xover
2026-09-08,250.87800000000001,1.3840000000000146,0.5248245473468548,0.024107846551395484,2.3269354746725273,3.0863671497217244,32.47863247863248,1,Xover
2026-09-09,254.25,3.3719999999999857,1.7708392312108185,0.5826644740696743,2.361604351667689,3.1158603578672865,43.22033898305085,1,Xover
2026-09-10,259.70849999999996,5.458499999999958,2.81451261016759,1.460160293602914,2.6216425361784075,3.1798362081259013,51.26050420168067,1,Xover
2026-09-11,259.9375,0.22900000000004184,2.300818074035776,1.4478569795565113,2.5059580809122517,3.179615549203158,51.66666666666667,1,Xover
2026-09-14,264.27,4.332499999999982,2.5946018533016524,2.0422103386439585,2.578229105586754,3.211847362500284,57.85123966942148,1,Xover
2026-09-15,264.71250000000003,0.4425000000000523,2.1910311586460365,2.0007421634037934,2.577101553306071,3.1995918632822455,58.19672131147541,1,Xover
2026-09-16,261.7675,-2.94500000000005,1.4769701600209462,1.4899661677559783,2.576675188795161,3.220813220332467,55.28455284552846,1,Xover
2026-09-17,255.01,-6.757499999999993,0.30172487277448257,0.4565291139652763,3.018488998567598,3.3402459264881887,42.74193548387097,1,Xover
2026-09-18,257.0,1.990000000000009,0.5964062907057794,0.7311618313052035,3.007474921214933,3.3445658629964123,45.6,1,Xover
2026-09-21,249.0635,-7.936499999999995,-0.7058148740066497,-0.465120263422709,3.4997814357508434,3.4957083933667623,21.428571428571427,1,Xover
2026-09-22,280.749,,,,,,100.0,2,Xover
2026-09-23,282.0,1.2509999999999764,,,,,100.0,2,Xover
2026-09-24,288.7,6.699999999999989,,,,,100.0,2,Xover
2026-09-25,292.91150000000005,4.211500000000058,,,,,100.0,2,Xover
2026-09-28,298.4654,5.553899999999942,,,,,100.0,2,Xover
2026-09-29,296.543,-1.922399999999982,,,,,83.33333333333334,2,Xover
2026-09-30,297.60205,1.0590500000000134,,,,,85.71428571428571,2,Xover
2025-09-30,56.21725000000001,,,,,,100.0,0,Main
2025-10-01,55.9675,-0.2497500000000059,,,,,50.0,0,Main
2025-10-02,54.751999999999995,-1.2155000000000058,,,,,33.33333333333333,0,Main
2025-10-03,54.93,0.17800000000000438,,,,,50.0,0,Main
2025-10-06,55.789,0.8590000000000018,,,,,60.0,0,Main
2025-10-07,55.925000000000004,0.13600000000000279,,,,,66.66666666666666,0,Main
2025-10-08,56.155,0.22999999999999687,,,,,85.71428571428571,0,Main
2025-10-09,56.505,0.3500000000000014,,,,,100.0,0,Main
2025-10-10,57.625,1.1199999999999974,,,,,100.0,0,Main
2025-10-13,58.650000000000006,1.0250000000000057,2.067635160785847,,,,100.0,0,Main
2025-10-14,59.313500000000005,0.6634999999999991,1.9378449814139858,,0.6903990115425224,,100.0,0,Main
2025-10-15,56.2,-3.113500000000002,-0.22029342698023446,,1.2223906397450723,,58.333333333333336,0,Main
2025-10-16,56.32,0.11999999999999744,-0.1280237794110559,,1.1660319664893426,,69.23076923076923,0,Main
2025-10-17,57.99999999999999,1.6799999999999926,1.0578978500967267,,1.2088127466279703,,85.71428571428571,0,Main
2025-10-20,56.522,-1.4779999999999944,-0.054287489025711365,,1.2390153056121658,,73.33333333333333,0,Main
2025-10-21,55.681000000000004,-0.840999999999994,-0.6794852642263511,,1.2145490013934035,,18.75,0,Main
2025-10-22,56.0,0.3189999999999955,-0.4113023346853951,,1.1767127082071684,,41.17647058823529,0,Main
2025-10-23,55.77,-0.22999999999999687,-0.57738028365414,,1.1405556538146344,,22.22222222222222,0,Main
2025-10-24,54.905,-0.865000000000002,-1.2104474908350962,,1.1240211465030125,,10.526315789473683,0,Main
2025-10-27,53.575,-1.3299999999999983,-1.9859241213561047,,1.1297816954877005,,5.0,0,Main
2025-10-28,53.19,-0.3850000000000051,-1.9254679422626444,,1.1010229617657958,,4.761904761904762,0,Main
2025-10-29,53.0165,-0.1734999999999971,-1.7670214068731664,,1.100796337346645,,4.545454545454546,0,Main
2025-10-30,53.74999999999999,0.7334999999999923,-1.254019805749598,,1.087466897257832,,17.391304347826086,0,Main
2025-10-31,54.0,0.2500000000000071,-1.05578057365782,,1.0883805449043609,,20.833333333333336,0,Main
2025-11-03,54.620000000000005,0.6200000000000045,-0.6593914104379576,,1.0791884853176035,,24.0,0,Main
2025-11-04,55.7652,1.1451999999999956,-0.007329382600850305,,1.1118582415795721,,42.30769230769231,0,Main
2025-11-05,55.129999999999995,-0.6352000000000046,-0.33693666304723485,,1.1189203167621704,,37.03703703703704,0,Main
2025-11-06,55.15,0.020000000000003126,-0.2882867786879028,,1.1151186113451872,,39.285714285714285,0,Main
2025-11-07,56.49,1.3400000000000034,0.5168748298444037,,1.1284570469637307,,79.3103448275862,0,Main
2025-11-10,54.805,-1.6850000000000023,-0.3862610073858987,-0.5986565455170499,1.1541390235970153,,26.666666666666668,0,Main
2025-11-11,54.425000000000004,-0.37999999999999545,-0.5782611183956083,-0.831980495743434,1.136874714606022,1.0321308957086965,19.35483870967742,0,Main
2025-11-12,53.875,-0.5500000000000043,-0.9121152373148385,-1.16029712193094,0.9202518628357288,1.0185959502129989,15.625,0,Main
2025-11-13,54.5025,0.6274999999999977,-0.36284581826507695,-0.7198469268588834,0.9340032265666106,1.0097104847936949,24.242424242424242,0,Main
2025-11-14,55.88,1.3775000000000048,0.9681389381521214,0.21344897933953977,0.9058415709046184,1.0245566007378657,58.82352941176471,0,Main
2025-11-17,55.400299999999994,-0.47970000000000823,0.6062208645376783,-0.1158552229089142,0.8521757795413119,1.0121212101916823,45.714285714285715,0,Main
2025-11-18,56.888999999999996,1.4887000000000015,1.8727583011086513,0.9029067552941041,0.8972695910078362,1.0293889231097295,88.88888888888889,0,Main
2025-11-19,56.196000000000005,-0.6929999999999907,1.212001723072835,0.41003301633120226,0.9103582886337725,1.0214966908427936,70.27027027027027,0,Main
2025-11-20,54.625,-1.571000000000005,-0.17131283794054744,-0.6917846118874396,0.9759692243314371,1.039771277336595,26.31578947368421,0,Main
2025-11-21,56.70399999999999,2.0789999999999935,1.5592209603934963,0.7784447690780146,1.0656243489888426,1.0818527874735195,87.17948717948718,0,Main
2025-11-24,55.160000000000004,-1.5439999999999898,0.16256506279504954,-0.3267554852930101,1.0815873960356401,1.0962437266142162,42.5,0,Main
2025-11-25,54.5405,-0.6195000000000022,-0.4863771813130083,-0.7621625612962541,1.0881362288335035,1.086144270277835,21.951219512195124,0,Main
2025-11-26,53.800000000000004,-0.7404999999999973,-1.3227192659079456,-1.2622419406126981,1.102043687583257,1.0780164492924589,11.904761904761903,0,Main
2025-11-27,53.25,-0.5500000000000043,-1.7863197463092204,-1.5906237485823822,1.096841802631537,1.0674811986970627,6.976744186046512,0,Main
2025-11-28,53.19,-0.060000000000002274,-1.7061224496614937,-1.5671413795066431,1.0949398411736935,1.0546977817234775,5.681818181818182,0,Main
2025-12-01,53.074999999999996,-0.11500000000000199,-1.6165741909533486,-1.5813542997661112,1.083883141156928,1.0423833948830215,4.444444444444445,0,Main
2025-12-02,52.522999999999996,-0.5519999999999996,-1.7962242404888162,-1.8608325041243783,1.0490153222000744,1.0329574132195634,2.1739130434782608,0,Main
2025-12-03,52.49700000000001,-0.025999999999989143,-1.59098840351362,-1.7910441701015674,1.0433848089145652,1.0214491117334776,2.127659574468085,0,Main
2025-12-04,52.5525,0.055499999999995,-1.380315517476115,-1.682798443097329,1.0436865257724404,1.0104812175744617,6.25,0,Main
2025-12-05,52.300000000000004,-0.2524999999999977,-1.4075586538669775,-1.7631809396893812,0.984726819718892,0.999990961111077,2.0408163265306123,0,Main
2025-12-08,52.519999999999996,0.21999999999999176,-1.1346052778894276,-1.5689881163889146,0.9248035361774489,0.9904571973460836,6.0,0,Main
2025-12-09,53.0,0.480000000000004,-0.7498088177540925,-1.2438040493189606,0.9317640324166102,0.983440656533717,11.76470588235294,0,Main
2025-12-10,52.95,-0.04999999999999716,-0.7413356626349907,-1.2424249689149038,0.9249253178955633,0.9735586522176475,11.538461538461538,0,Main
2025-12-11,51.614,-1.3360000000000056,-1.4377825091805028,-1.9515598867865858,0.9534148988463022,0.9799713120296009,1.8867924528301887,0,Main
2025-12-12,51.081,-0.5329999999999941,-1.5695354882238306,-2.1418094304329087,0.8862467795205378,0.9724212816350624,1.8518518518518516,0,Main
2025-12-15,51.468,0.38700000000000045,-1.2045002454709874,-1.843983247307362,0.8950525278763771,0.9654522503894973,3.6363636363636362,0,Main
2025-12-16,51.513,0.0449999999999946,-1.1157920131426973,-1.7512274278955917,0.805740561614951,0.9566390880347152,5.357142857142857,0,Main
2025-12-17,51.875,0.3620000000000019,-0.815015492892359,-1.5099025595595834,0.8110243993344391,0.9497871420108075,8.771929824561402,0,Main
2025-12-18,51.305,-0.5700000000000003,-1.108231547857321,-1.7489047728590665,0.7517258038743408,0.9435260692637619,3.4482758620689653,0,Main
2025-12-19,51.084999999999994,-0.22000000000000597,-1.3344569693345611,-1.7954825055198456,0.5348567417641152,0.9353779601288276,3.389830508474576,0,Main
2025-12-22,51.050000000000004,-0.034999999999989484,-1.3421630604825048,-1.750386320253438,0.44643058044660816,0.9273054428352102,1.6666666666666667,0,Main
2025-12-23,50.722500000000004,-0.32750000000000057,-1.6125549192061068,-1.826119913943609,0.43685055857388627,0.9199349119980459,1.639344262295082,0,Main
2025-12-24,50.660000000000004,-0.0625,-1.5524868702876644,-1.7722881530500088,0.4178498849058,0.9197068205097154,1.6129032258064515,0,Main
2025-12-29,51.260000000000005,0.6000000000000014,-0.781317912843165,-1.43038754645444,0.43948815923215023,0.9118299300614843,9.523809523809524,0,Main
2025-12-30,50.509249999999994,-0.7507500000000107,-1.521709485426051,-1.707075540010466,0.4627467497895484,0.9156275447950595,1.5625,0,Main
2025-12-31,50.565000000000005,0.0557500000000104,-1.3310866088015283,-1.6114490080874384,0.4646875365005489,0.9075965860571524,3.076923076923077,0,Main
2026-01-02,50.405,-0.1600000000000037,-1.3667053463139012,-1.614142065229421,0.4538931258973237,0.9071679014607369,1.5151515151515151,0,Main
2026-01-05,50.405,0.0,-1.2330818492128353,-1.5505424069858644,0.4541711609306057,0.9062696947557982,2.2388059701492535,0,Main
2026-01-06,50.11,-0.2950000000000017,-1.4258201526348953,-1.613844129124473,0.45443053215275186,0.9047157720946593,1.4705882352941175,0,Main
2026-01-07,50.2,0.09000000000000341,-1.1928384500022549,-1.526303606712423,0.4557104993419924,0.8907108543275695,2.898550724637681,0,Main
2026-01-08,50.5175,0.31749999999999545,-0.7412200061984262,-1.3631736099842564,0.4598726976308961,0.8798624327260474,8.571428571428571,0,Main
2026-01-09,49.909000000000006,-0.6084999999999923,-1.4668188831270967,-1.623219851724943,0.4519451279571578,0.8755973431333943,1.4084507042253522,0,Main
2026-01-12,49.89875,-0.01025000000000631,-1.5587011566067626,-1.5681144527737758,0.45251614448518623,0.7849442279816227,1.3888888888888888,0,Main
2026-01-13,49.658,-0.24074999999999847,-1.7403309672451845,-1.6174492073392777,0.35820608960705747,0.7845729491888367,1.36986301369863,0,Main
2026-01-14,50.478,0.8200000000000003,-0.33620525814263624,-1.222123572739071,0.39731651177155525,0.7587280172263926,10.81081081081081,0,Main
2026-01-15,50.099999999999994,-0.3780000000000072,-0.8769066216313639,-1.3591362069577175,0.3918291820356642,0.7385104573732976,5.333333333333334,0,Main
2026-01-16,50.19574999999999,0.09574999999999534,-0.6366347729122706,-1.2708642099339946,0.392765427140144,0.7326091408997037,7.894736842105263,0,Main
2026-01-19,51.72425,1.5285000000000082,2.2350523785041476,-0.5212806625510952,0.5242497538776643,0.7602137276208157,31.16883116883117,0,Main
2026-01-20,52.861999999999995,1.137749999999997,3.0893192059309373,0.05151481234578233,0.5652860093513927,0.7757216915128878,39.743589743589745,0,Main
2026-01-21,52.300000000000004,-0.5619999999999905,1.9946115896114927,-0.20491088675266303,0.5797577704252199,0.7712895218929925,33.54430379746836,0,Main
2026-01-22,50.25,-2.0500000000000043,-0.47465297551917496,-1.1804716889112445,0.7479568178149,0.79682424819663,10.0,0,Main
2026-01-23,50.39,0.14000000000000057,-0.28177044414806723,-1.0786278976563477,0.7458010374758149,0.7960258578792712,11.11111111111111,0,Main
2026-01-26,50.466499999999996,0.0764999999999958,-0.1760015886174728,-1.0121341080939597,0.7459986687761524,0.7960050089804926,14.634146341463413,0,Main
2026-01-27,50.1325,-0.3339999999999961,-0.5213616148389185,-1.134302027427218,0.7349769621344758,0.7902758382505436,7.228915662650602,0,Main
2026-01-28,50.709500000000006,0.5770000000000053,0.18010079013369953,-0.8313564123686341,0.7288958054689739,0.7935726524773189,22.61904761904762,0,Main
2026-01-29,51.433,0.7234999999999943,0.9927298075696177,-0.4646619988711416,0.7461892944540919,0.7951752995977652,30.58823529411765,0,Main
2026-01-30,51.279999999999994,-0.1530000000000058,0.7456807772945672,-0.5127542976902615,0.7460905035407467,0.7795244834146894,29.069767441860467,0,Main
2026-02-02,51.2109,-0.06909999999999172,0.6110322652405545,-0.5219668306732369,0.7464636653299982,0.7760442623978128,27.586206896551722,0,Main
2026-02-03,50.315000000000005,-0.8958999999999975,-0.4578516191053813,-0.9371116395019672,0.7723149197465748,0.7833115557436786,11.363636363636363,0,Main
2026-02-04,50.870000000000005,0.5549999999999997,0.1613401101713971,-0.6352822182253282,0.7817833062266917,0.7655360518952798,24.719101123595504,0,Main
2026-02-05,51.977000000000004,1.1069999999999993,1.3297003559137843,-0.03313468913863265,0.8160591554118974,0.7519017578986456,40.0,0,Main
2026-02-06,52.07,0.09299999999999642,1.2886318454159125,0.03768752717077305,0.8001475544844021,0.750831485697859,40.65934065934066,0,Main
2026-02-09,51.344,-0.7259999999999991,0.4102787676097203,-0.3335632112836497,0.8214401884038793,0.7532007521388961,32.608695652173914,0,Main
2026-02-10,50.89,-0.4540000000000006,-0.19760916100056006,-0.5552970347078341,0.8270816574909007,0.7498360744114013,24.731182795698924,0,Main
2026-02-11,51.508500000000005,0.6185000000000045,0.506456962658652,-0.18198622256591013,0.8185402357245495,0.7313446238454779,36.17021276595745,0,Main
2026-02-12,51.25,-0.25850000000000506,0.11845516057018235,-0.3018933689498903,0.8156709861406007,0.7298149262357526,29.47368421052631,0,Main
2026-02-13,52.31,1.0600000000000023,1.3495071549194393,0.41067503453086746,0.8459848909741711,0.7162775859548048,45.83333333333333,0,Main
2026-02-16,52.615,0.3049999999999997,1.5802870299237524,0.6996815901533177,0.7792932663427198,0.7132958264797618,50.51546391752577,0,Main
2026-02-17,53.410000000000004,0.7950000000000017,2.3366501569018654,1.305153609892878,0.7574496134015158,0.6934533026571447,59.183673469387756,0,Main
2026-02-18,52.39,-1.0200000000000031,1.1749860102481335,0.7070068992828668,0.7827090142911559,0.6483925056944122,45.45454545454545,0,Main
2026-02-19,52.775,0.384999999999998,1.4390831453305641,1.1336514519051544,0.6184608812034499,0.6214256367009278,51.0,0,Main
2026-02-20,52.75,-0.02499999999999858,1.2733754962946007,1.2009819059561775,0.6193676580105504,0.6167470224290849,50.495049504950494,0,Main
2026-02-23,52.659499999999994,-0.0905000000000058,1.0659524183223639,1.1698676247892223,0.6210799240880868,0.609721233758085,50.0,0,Main
2026-02-24,53.550000000000004,0.8905000000000101,1.8368866945799016,2.0003563270854223,0.6352370696088702,0.6167782372806713,61.165048543689316,0,Main
2026-02-25,53.0755,-0.47450000000000614,1.1960937609901605,1.5560997922971775,0.6433172795015417,0.6198323993100592,56.730769230769226,0,Main
2026-02-26,53.459500000000006,0.38400000000000745,1.4322991593168286,1.8954853328920858,0.6308662281047862,0.6216343343215094,60.952380952380956,0,Main
2026-02-27,55.35,1.8904999999999959,2.583875570758656,3.3029094485043737,0.7430209715819114,0.6630422555792481,78.30188679245283,0,Main
2026-03-02,57.800000000000004,2.450000000000003,3.0820358445726166,4.383841236962984,0.8927981256317583,0.7318910140262899,97.19626168224299,0,Main
2026-03-03,59.28,1.4799999999999969,2.8747724066451954,4.389000255416534,0.8791351985721099,0.7535891358826375,99.07407407407408,0,Main
2026-03-04,56.699999999999996,-2.5800000000000054,1.4911226775994482,2.674578200651322,1.1086308886948915,0.8288259674856555,92.66055045871559,0,Main
2026-03-05,57.346000000000004,0.6460000000000079,1.5601409665065238,2.7797155987266917,1.0954977347498758,0.8319225026889391,94.54545454545455,0,Main
2026-03-06,60.75,3.4039999999999964,2.3608835304135316,3.841650327820901,1.298885058323809,0.9349843973893807,100.0,0,Main
2026-03-09,64.5975,3.8474999999999966,2.736398312561252,4.432429269552989,1.474618284907729,1.0505711163296385,100.0,0,Main
2026-03-10,58.5,-6.097499999999997,0.9475634424655054,2.128621177537298,2.1048319222808813,1.3147383478706256,95.57522123893806,0,Main
2026-03-11,60.0325,1.5324999999999989,1.2367921777848094,2.4660731485142864,2.120138044164999,1.324495041553146,98.24561403508771,0,Main
2026-03-12,62.354299999999995,2.321799999999996,1.6511647520246904,2.921699062146863,2.1545094577298483,1.3536155170181927,99.1304347826087,0,Main
2026-03-13,63.654999999999994,1.300699999999999,1.7321947964073996,2.9926787983104717,2.158146771141729,1.3611565038992925,99.13793103448276,0,Main
2026-03-16,63.428,-0.22699999999999676,1.4864777208896933,2.6926226676308413,2.164817471702746,1.3621093162469669,98.29059829059828,0,Main
2026-03-17,61.42,-2.0079999999999956,0.9117856372307195,2.0544040512089397,2.237013298786434,1.3881559485264536,96.61016949152543,0,Main
2026-03-18,61.82899999999999,0.4089999999999918,0.9155767967327096,2.0394516784387537,2.211935225924169,1.3875465999707524,96.63865546218487,0,Main
2026-03-19,64.8,2.9710000000000036,1.4690949931846229,2.550740121044792,2.2810871395939807,1.4332038014818134,100.0,0,Main
2026-03-20,70.2,,,,,,100.0,1,Main
2026-03-23,69.5,-0.7000000000000028,,,,,50.0,1,Main
2026-03-24,69.435,-0.06499999999999773,,,,,33.33333333333333,1,Main
2026-03-25,67.125,-2.3100000000000023,,,,,25.0,1,Main
2026-03-26,69.295,2.1700000000000017,,,,,40.0,1,Main
2026-03-27,73.193,3.897999999999996,,,,,100.0,1,Main
2026-03-30,73.8945,0.7014999999999958,,,,,100.0,1,Main
2026-03-31,71.801,-2.0934999999999917,,,,,75.0,1,Main
2026-04-01,66.84,-4.9609999999999985,,,,,11.11111111111111,1,Main
2026-04-02,68.0,1.1599999999999966,-0.8029208628282184,,,,30.0,1,Main
2026-04-07,65.828,-2.171999999999997,-1.4379863735936302,,2.568435323521132,,9.090909090909092,1,Main
2026-04-08,59.870000000000005,-5.957999999999998,-2.379135494429599,,2.950934316603655,,8.333333333333332,1,Main
2026-04-09,59.86615,-0.0038500000000070145,-1.8892289482521343,,2.826528859626102,,7.6923076923076925,1,Main
2026-04-10,58.08,-1.7861499999999992,-1.872931515203995,,2.7183285292349333,,7.142857142857142,1,Main
2026-04-13,59.6155,1.535499999999999,-1.396176370897021,,2.693679059421301,,13.333333333333334,1,Main
2026-04-14,57.0255,-2.5899999999999963,-1.6524673263810288,,2.638532953379855,,6.25,1,Main
2026-04-15,56.86,-0.16550000000000153,-1.5068591766162511,,2.555286215475674,,5.88235294117647,1,Main
2026-04-16,56.9165,0.05649999999999977,-1.3697336820382993,,2.4835488646504644,,11.11111111111111,1,Main
2026-04-17,55.577,-1.339500000000001,-1.4524184489439855,,2.412984842140266,,5.263157894736842,1,Main
2026-04-20,56.589999999999996,1.0129999999999981,-1.2078666865303578,,2.3820987857380334,,10.0,1,Main
2026-04-21,57.5,0.9100000000000037,-0.9633373427164972,,2.3469101876050145,,28.57142857142857,1,Main
2026-04-22,57.99999999999999,0.4999999999999929,-0.7994320263826402,,2.360461163071406,,31.818181818181817,1,Main
2026-04-23,58.625,0.6250000000000071,-0.6265571152457371,,2.3733149828102404,,39.130434782608695,1,Main
2026-04-24,58.625,0.0,-0.5619411778707473,,2.3386237647160626,,39.58333333333333,1,Main
2026-04-27,58.7225,0.09749999999999659,-0.4759888889152594,,2.2622564373988694,,44.0,1,Main
2026-04-28,59.160000000000004,0.4375000000000071,-0.32025616043437427,,2.0258580403712494,,46.15384615384615,1,Main
2026-04-29,59.65,0.4899999999999949,-0.11608639082237425,,2.0186874107292683,,51.85185185185185,1,Main
2026-04-30,59.99,0.3400000000000034,0.12407632518536468,,2.0043379152937777,,60.71428571428571,1,Main
2026-05-01,57.6038,-2.3862000000000023,-0.5057410319362046,,1.7788536382945288,,24.137931034482758,1,Main
2026-05-05,58.25555,0.6517499999999998,-0.17206368714922804,-0.7076366870603258,1.7579730756182483,,33.33333333333333,1,Main
2026-05-06,55.8275,-2.428049999999999,-1.6846581502539124,-1.083173382631296,1.7717665201638966,2.0260546741922068,6.451612903225806,1,Main
2026-05-07,55.565,-0.26250000000000284,-1.660824230529032,-1.0886333718993497,1.220202020590292,1.9923806857599387,3.125,1,Main
2026-05-08,56.333749999999995,0.7687499999999972,-1.0168148593491066,-0.9305425112714617,1.2393267899188356,1.9722184085301142,12.121212121212121,1,Main
2026-05-11,56.4525,0.11875000000000568,-0.8544609029736013,-0.886180986378237,1.1809432306757794,1.9435353965315423,14.705882352941178,1,Main
2026-05-12,57.470000000000006,1.0175000000000054,-0.05127405935745937,-0.6972862013997762,1.1488606866094961,1.929599446660981,28.57142857142857,1,Main
2026-05-13,57.5,0.02999999999999403,-0.04669943496308928,-0.6780942265952228,0.9891367226952056,1.9022398474114217,31.944444444444443,1,Main
2026-05-14,56.48225000000001,-1.0177499999999924,-0.8007114691973339,-0.8348240746604285,1.015718186137925,1.8780425223577144,16.216216216216218,1,Main
2026-05-15,57.834999999999994,1.3527499999999861,0.18736785618139867,-0.588753085327786,1.0611234908167648,1.8735834862316318,39.473684210526315,1,Main
2026-05-18,57.532,-0.30299999999999727,-0.12525040538067325,-0.6304945972634355,1.014170851510055,1.8480982924171736,35.8974358974359,1,Main
2026-05-19,58.069,0.5370000000000061,0.2566266800040378,-0.526930360884694,0.9970017421987624,1.8289370445945956,45.0,1,Main
2026-05-20,57.324999999999996,-0.7440000000000069,-0.35312152991495444,-0.6484637510685315,0.9925913402222537,1.8066342525358843,26.82926829268293,1,Main
2026-05-21,56.653,-0.671999999999997,-0.8382997403981888,-0.754996190804249,0.9955667152299157,1.784746222514698,19.047619047619047,1,Main
2026-05-22,55.525,-1.1280000000000001,-1.5434715659074572,-0.9379124052921899,1.00848735229394,1.7671374076561626,2.3255813953488373,1,Main
2026-05-26,54.25,-1.2749999999999986,-2.0929483118762473,-1.13788195534092,1.0380391891243288,1.7516696931968156,2.272727272727273,1,Main
2026-05-27,53.699999999999996,-0.5500000000000043,-2.062508668138808,-1.2028674424433565,1.037753938295282,1.7313920948319326,2.2222222222222223,1,Main
2026-05-28,54.022999999999996,0.3230000000000004,-1.6503768936717094,-1.1165236687378473,1.0340643140183858,1.7147639411118285,4.3478260869565215,1,Main
2026-05-29,52.75,-1.2729999999999961,-2.0895020469449888,-1.3047762416128175,1.042160169400179,1.7009450813185687,2.127659574468085,1,Main
2026-06-01,53.5,0.75,-1.5621316831230299,-1.1431362062572987,1.0602197774890574,1.6904008234012957,4.166666666666666,1,Main
2026-06-02,52.92,-0.5799999999999983,-1.661955335410265,-1.213675047043907,0.9461503439283778,1.672635563313052,4.081632653061225,1,Main
2026-06-03,53.4,0.4799999999999969,-1.2637594838040138,-1.103893757829598,0.9384340753666228,1.6594650066612824,6.0,1,Main
2026-06-04,53.5,0.10000000000000142,-1.103596426902338,-1.063388403304867,0.7865661693816913,1.6436380578783516,8.823529411764707,1,Main
2026-06-05,53.3,-0.20000000000000284,-1.1105466241113309,-1.0753509485582977,0.7860790689438162,1.6272268503289173,5.769230769230769,1,Main
2026-06-08,54.31,1.0100000000000051,-0.5292855101157562,-0.883639518686502,0.8020152982651357,1.6218969763243138,18.867924528301888,1,Main
2026-06-09,53.290000000000006,-1.019999999999996,-0.9626072023443338,-1.0415321593099172,0.8256528059184751,1.609221085053433,5.555555555555555,1,Main
2026-06-10,54.3,1.009999999999991,-0.3766837763887757,-0.8512144911961924,0.8250922635808976,1.6041955047967373,20.0,1,Main
2026-06-11,54.1046,-0.19539999999999935,-0.40890903112673366,-0.8714935173004738,0.8239205610340925,1.5893285443118128,17.857142857142858,1,Main
2026-06-12,52.51,-1.5945999999999998,-1.1684868502318377,-1.128471524747745,0.8642760700321749,1.5843951692402007,1.7543859649122806,1,Main
2026-06-15,51.22,-1.2899999999999991,-1.704259434251636,-1.321928681415141,0.815239198672777,1.5754771414584667,1.7241379310344827,1,Main
2026-06-16,51.25,0.030000000000001137,-1.5522072652673968,-1.286601824492099,0.8192265325164629,1.562323197610885,3.389830508474576,1,Main
2026-06-17,51.788880000000006,0.538880000000006,-1.2197745259702668,-1.169525845560059,0.8193294310040826,1.5528907200566637,5.0,1,Main
2026-06-18,51.822,0.03311999999999671,-1.1774193778181568,-1.1386699393417188,0.8162855363039008,1.540319110173635,6.557377049180328,1,Main
2026-06-19,51.615,-0.20700000000000074,-1.3213110000650765,-1.1494432928743283,0.810992332652444,1.5394980730146486,4.838709677419355,1,Main
2026-06-22,51.335,-0.28000000000000114,-1.4762564980098503,-1.176262105577618,0.7845127857399605,1.5391965405836352,4.761904761904762,1,Main
2026-06-23,51.829,0.4939999999999998,-0.9277039848432684,-1.055589513993738,0.7573117226083323,1.519629057336218,10.9375,1,Main
2026-06-24,51.84,0.011000000000002785,-0.8301907810763038,-1.035315143747522,0.7509503771117036,1.4864347442855357,12.307692307692308,1,Main
2026-06-25,51.599999999999994,-0.2400000000000091,-0.9561485666396154,-1.0997513137885504,0.7450647255104751,1.3810459822002343,6.0606060606060606,1,Main
2026-06-26,52.08,0.480000000000004,-0.4670375201066339,-1.0384979865955197,0.7044325790009254,1.3784543297998906,14.925373134328357,1,Main
2026-06-29,51.900999999999996,-0.17900000000000205,-0.5673818929254818,-1.1338521480497143,0.6802641073335532,1.3597630834402747,14.705882352941178,1,Main
2026-06-30,51.55,-0.3509999999999991,-0.8247030526093098,-1.2402522458119907,0.6732959742076369,1.2164398453373237,5.797101449275362,1,Main
2026-07-01,51.73,0.17999999999999972,-0.5852094614945569,-1.2366024862385017,0.6637065739109658,1.2036325523402505,10.0,1,Main
2026-07-02,50.980000000000004,-0.7499999999999929,-1.1744094196426909,-1.52591367650758,0.6783900022848216,1.1793244298680556,1.4084507042253522,1,Main
2026-07-03,50.67999999999999,-0.30000000000001137,-1.3086562033290905,-1.5797254196611572,0.6793319825890883,0.9105463059561522,1.3888888888888888,1,Main
2026-07-06,50.516,-0.16399999999999437,-1.3898515796914686,-1.5867424424888068,0.624020964087788,0.9103358885529168,1.36986301369863,1,Main
2026-07-07,50.7825,0.2665000000000006,-1.0234828502317501,-1.4378956229692137,0.5997634334644392,0.8862814602128086,4.054054054054054,1,Main
2026-07-08,52.15275,1.3702499999999986,0.6341432851641983,-0.9269158114950532,0.6397341591455254,0.8812872653523222,24.0,1,Main
2026-07-09,51.73350000000001,-0.419249999999991,0.36449106339404314,-1.0419130533975478,0.6433037206606146,0.820835603483281,15.789473684210526,1,Main
2026-07-10,51.529999999999994,-0.20350000000001245,0.07184262278511738,-1.0778221881788368,0.5426398783432912,0.8209109132505089,10.38961038961039,1,Main
2026-07-13,52.285,0.7550000000000026,1.5018865304706557,-0.7823824631304873,0.4862280417880623,0.8279297249166528,26.923076923076923,1,Main
2026-07-14,53.0,0.7150000000000034,2.3458338245242025,-0.5120325485122743,0.5081363116848006,0.8172544563478004,31.645569620253166,1,Main
2026-07-15,52.5475,-0.45250000000000057,1.4180056087385267,-0.6499407122375342,0.5101373444671552,0.8069958089205012,28.749999999999996,1,Main
2026-07-16,52.525000000000006,-0.022499999999993747,1.2660857564792156,-0.6330550313909882,0.5103165258728628,0.7967683793770564,28.39506172839506,1,Main
2026-07-17,53.39,0.8649999999999949,2.138187626221063,-0.29947846865458,0.5390338030119021,0.802665949071511,36.58536585365854,1,Main
2026-07-20,53.18,-0.21000000000000085,1.6188123064506128,-0.3504288019191983,0.5367358153936779,0.7975133795041529,33.734939759036145,1,Main
2026-07-21,52.933,-0.2469999999999999,1.189735987885779,-0.41664697448103594,0.5331068237476577,0.7976744750659575,32.142857142857146,1,Main
2026-07-22,53.071250000000006,0.13825000000000642,1.228078766349643,-0.33721319922734755,0.5333108533331149,0.7978583652814425,34.11764705882353,1,Main
2026-07-23,54.602999999999994,1.5317499999999882,2.3622108549569396,0.3031271956371772,0.6205916234996192,0.8223480753388787,50.0,1,Main
2026-07-24,55.55,0.9470000000000027,2.509585288000757,0.7486342682679633,0.6420694236115285,0.8297617745436241,51.724137931034484,1,Main
2026-07-27,53.35,-2.1999999999999957,0.7287376804222815,-0.1483589199528626,0.8315437039500357,0.8722803890206721,37.5,1,Main
2026-07-28,54.0,0.6499999999999986,1.1093189849611873,0.17805404938846067,0.8348333508456689,0.8248105230091727,43.82022471910113,1,Main
2026-07-29,54.5,0.5,1.325859154620308,0.45797412751682476,0.839049203437719,0.822821112917707,50.0,1,Main
2026-07-30,54.447500000000005,-0.052499999999994884,1.1668940594635786,0.4476147714872194,0.8143060069938778,0.7619744552727039,49.45054945054945,1,Main
2026-07-31,53.42616650000001,-1.0213334999999972,0.34996212451000186,-0.03459386977556983,0.8515008296789875,0.7722453674793989,39.130434782608695,1,Main
2026-08-03,52.3675,-1.0586665000000082,-0.6045542075010204,-0.531820443318374,0.8907586141198164,0.776009649290247,23.655913978494624,1,Main
2026-08-04,51.2795,-1.088000000000001,-1.6303087769375544,-1.0441869255712295,0.9275701470549834,0.7867019426068032,7.446808510638298,1,Main
2026-08-05,50.930499999999995,-0.34900000000000375,-1.7553675817280394,-1.1968969278244663,0.8744686450043602,0.7738834428735765,4.2105263157894735,1,Main
2026-08-06,51.253600000000006,0.3231000000000108,-1.427611674512739,-1.0100631579427617,0.874221922052449,0.7756986150012626,8.333333333333332,1,Main
2026-08-07,51.232499999999995,-0.02110000000001122,-1.4092174428221762,-0.9942649913491588,0.8732015580592364,0.7664178498848266,7.216494845360824,1,Main
2026-08-10,51.3,0.06750000000000256,-1.267236232123424,-0.9488053521736763,0.8546339189028148,0.7430875514557065,11.224489795918368,1,Main
2026-08-11,51.71,0.4100000000000037,-0.8819626817249958,-0.6958524760083756,0.8429198882282717,0.7456279436252896,17.17171717171717,1,Main
2026-08-12,51.525,-0.18500000000000227,-0.9591846592982552,-0.8153319978045281,0.8385502294513235,0.7410340071861772,13.0,1,Main
2026-08-13,51.0762,-0.44879999999999853,-1.188385990840793,-1.136441315193346,0.8431895176070092,0.7377195577184473,5.9405940594059405,1,Main
2026-08-14,50.905,-0.1711999999999989,-1.1801097816982635,-1.2750207177375739,0.8138820861009447,0.734009621412538,3.9215686274509802,1,Main
2026-08-17,51.35,0.4450000000000003,-0.8020057158149273,-0.9091353775391906,0.823372979416935,0.7245480919876979,14.563106796116504,1,Main
2026-08-18,52.23025,0.8802499999999966,-0.1855367225029173,-0.16285125899426942,0.8503095840500335,0.7171620383216416,29.807692307692307,1,Main
2026-08-19,51.678000000000004,-0.5522499999999937,-0.509326129650799,-0.6000740301100106,0.8568916895820083,0.7171895532273044,20.0,1,Main
2026-08-20,51.9949,0.31689999999999685,-0.22182499663630076,-0.309939716911774,0.7767042223376152,0.7171385620087393,28.30188679245283,1,Main
2026-08-21,51.6375,-0.3573999999999984,-0.4008768954804797,-0.5981595567611131,0.7351251865801142,0.6998559976103291,19.626168224299064,1,Main
2026-08-24,51.4125,-0.22500000000000142,-0.5220731961073566,-0.7629557316114776,0.564571764071277,0.6929943823735647,14.814814814814813,1,Main
2026-08-25,50.866,-0.5465000000000018,-0.9201839638246642,-1.189296169429838,0.5442930722479208,0.6925610321704359,3.669724770642202,1,Main
2026-08-26,50.683499999999995,-0.18250000000000455,-1.0816211079439078,-1.2967431408991852,0.5218874883255629,0.6894979528582147,2.727272727272727,1,Main
2026-08-27,50.875,0.1915000000000049,-0.948557337322412,-1.0982915579165458,0.5281061625202051,0.6899257664593217,5.405405405405405,1,Main
2026-08-28,51.04,0.16499999999999915,-0.7087132962081055,-0.9280649725354743,0.49399432262538623,0.6901338400479176,8.928571428571429,1,Main
2026-09-01,51.958,0.9179999999999993,1.445820065915929,-0.12665455048181604,0.49390131565451806,0.6878651644115458,31.858407079646017,1,Main
2026-09-02,52.03,0.07200000000000273,1.4382195219471012,-0.046530989678594474,0.42528589037567677,0.6758155522641585,33.33333333333333,1,Main
2026-09-03,51.875,-0.15500000000000114,0.9889924476155814,-0.15164417781561254,0.4181586316031405,0.6622924691078044,30.434782608695656,1,Main
2026-09-04,51.38,-0.49499999999999744,-0.129817018119895,-0.5737460619832945,0.4296089247945833,0.6646061371440738,17.24137931034483,1,Main
2026-09-07,51.375,-0.005000000000002558,-0.15779058904230645,-0.5603906022701403,0.42956992338727273,0.6327222225495944,17.094017094017094,1,Main
2026-09-08,51.555555,0.18055499999999824,0.2202617858132363,-0.3990871654119978,0.4311471732558536,0.6107511511463521,22.033898305084744,1,Main
2026-09-09,52.29,0.7344450000000009,1.6786603269939597,0.26967540153519265,0.45245672611049936,0.6179567282260089,39.49579831932773,1,Main
2026-09-10,53.19499999999999,0.904999999999994,2.6528402072743154,1.0827463506177601,0.4894572553268614,0.6249619334982147,48.333333333333336,1,Main
2026-09-11,53.375,0.18000000000000682,2.3438699174745152,1.2101550096868998,0.47339752845784827,0.625288093883942,51.2396694214876,1,Main
2026-09-14,54.351,0.9759999999999991,2.7362054063764765,1.9914405574048135,0.5053265755429841,0.6363733186074816,61.47540983606557,1,Main
2026-09-15,54.836,0.48499999999999943,2.5063151859309776,2.2695672320369256,0.5065403818811635,0.637401933799836,64.22764227642277,1,Main
2026-09-16,54.29875,-0.5372500000000002,1.761229461615377,1.7343555755010795,0.5017103745426077,0.6393563516009935,58.87096774193549,1,Main
2026-09-17,52.838,-1.4607499999999973,0.5228418392648777,0.5150938096351747,0.5963934506263457,0.6681183633061673,42.4,1,Main
2026-09-18,53.724000000000004,0.8860000000000028,1.1299229228551206,1.2029211077352107,0.6224053029028421,0.6765484832676594,55.55555555555556,1,Main
2026-09-21,58.900000000000006,,,,,,100.0,2,Main
2026-09-22,57.896,-1.0040000000000049,,,,,50.0,2,Main
2026-09-23,58.5245,0.6285000000000025,,,,,66.66666666666666,2,Main
2026-09-24,60.095,1.5704999999999956,,,,,100.0,2,Main
2026-09-25,60.65,0.5549999999999997,,,,,100.0,2,Main
2026-09-28,61.715,1.0650000000000048,,,,,100.0,2,Main
2026-09-29,61.733850000000004,0.018850000000000477,,,,,100.0,2,Main
2026-09-30,62.2425,0.5086499999999958,,,,,100.0,2,Main
2025-09-30,207.38275000000002,,,,,,100.0,0,Xover-Main
2025-10-01,207.17527500000003,-0.20747499999998809,,,,,50.0,0,Xover-Main
2025-10-02,202.998,-4.177275000000037,,,,,33.33333333333333,0,Xover-Main
2025-10-03,203.69799999999998,0.6999999999999886,,,,,50.0,0,Xover-Main
2025-10-06,206.178,2.480000000000018,,,,,60.0,0,Xover-Main
2025-10-07,206.35999999999996,0.18199999999995953,,,,,66.66666666666666,0,Xover-Main
2025-10-08,209.3735,3.0135000000000502,,,,,100.0,0,Xover-Main
2025-10-09,213.466,4.092500000000001,,,,,100.0,0,Xover-Main
2025-10-10,219.1775,5.711500000000001,,,,,100.0,0,Xover-Main
2025-10-13,223.6,4.422499999999985,2.016392968216214,,,,100.0,0,Xover-Main
2025-10-14,226.80500000000004,3.205000000000041,1.8708442430187022,,2.8814602547049866,,100.0,0,Xover-Main
2025-10-15,213.05,-13.755000000000024,0.18458465750348993,,5.465600884999052,,66.66666666666666,0,Xover-Main
2025-10-16,213.38,0.3299999999999841,0.2181434385202285,,5.211520216798053,,69.23076923076923,0,Xover-Main
2025-10-17,220.50170000000003,7.121700000000033,1.0723639607498772,,5.316924595092166,,85.71428571428571,0,Xover-Main
2025-10-20,216.05649999999997,-4.445200000000057,0.46709522019889427,,5.31225856965301,,73.33333333333333,0,Xover-Main
2025-10-21,212.71899999999997,-3.3375000000000057,0.013891332900382492,,5.21998612849657,,50.0,0,Xover-Main
2025-10-22,213.5,0.7810000000000343,0.12005136549779197,,5.044106182854047,,70.58823529411765,0,Xover-Main
2025-10-23,213.73,0.22999999999998977,0.149225598542857,,4.884074545675583,,72.22222222222221,0,Xover-Main
2025-10-24,210.345,-3.384999999999991,-0.34603238403066144,,4.8203461777348275,,42.10526315789473,0,Xover-Main
2025-10-27,206.2425,-4.102499999999992,-0.9278548596291849,,4.785725915725052,,20.0,0,Xover-Main
2025-10-28,204.8795,-1.3629999999999995,-1.0973051066262347,,4.667186641036532,,14.285714285714285,0,Xover-Main
2025-10-29,205.38349999999997,0.5039999999999623,-0.9954960082941489,,4.669237241738381,,18.181818181818183,0,Xover-Main
2025-10-30,208.9525,3.569000000000017,-0.5322226052170707,,4.6334573082350685,,43.47826086956522,0,Xover-Main
2025-10-31,208.389,-0.5634999999999764,-0.6834097824516796,,4.636296546246472,,41.66666666666667,0,Xover-Main
2025-11-03,209.78000000000003,1.3910000000000196,-0.49896347920725526,,4.614882689277116,,52.0,0,Xover-Main
2025-11-04,212.7133,2.9332999999999743,-0.06671835751819574,,4.655767936687736,,57.692307692307686,0,Xover-Main
2025-11-05,210.62,-2.0932999999999993,-0.4391738508091177,,4.6401484895563065,,55.55555555555556,0,Xover-Main
2025-11-06,209.1,-1.5200000000000102,-0.6559291257638723,,4.552471949449707,,42.857142857142854,0,Xover-Main
2025-11-07,213.51,4.409999999999997,0.14911728982334524,,4.471835569766224,,79.3103448275862,0,Xover-Main
2025-11-10,207.76,-5.75,-0.7973337317904663,-0.6081268873739146,4.486903137025886,,33.33333333333333,0,Xover-Main
2025-11-11,207.01943699999998,-0.7405630000000087,-0.9954715443417218,-0.7198943745434797,4.387553921429775,4.1430402065531196,25.806451612903224,0,Xover-Main
2025-11-12,204.5195,-2.4999369999999885,-1.4505657121718931,-1.119971083289617,3.2342458041244773,4.097838085460547,9.375,0,Xover-Main
2025-11-13,206.905375,2.3858749999999986,-0.7859740762328418,-0.6846978733850183,3.291716118507765,4.054937433877464,27.27272727272727,0,Xover-Main
2025-11-14,212.12,5.214625000000012,0.719153316549951,0.2365328294425347,3.0858727486187476,4.09358276046041,61.76470588235294,0,Xover-Main
2025-11-17,211.1097,-1.0103000000000009,0.5443657985410416,0.053956082202229555,2.942247691415779,4.035935747489663,60.0,0,Xover-Main
2025-11-18,215.4755,4.365800000000007,1.8164091206376167,0.8312551150982549,3.0196247445902085,4.040701668982348,86.11111111111111,0,Xover-Main
2025-11-19,212.1195,-3.356000000000023,0.8184196581118222,0.21267327528831903,3.113484585042839,4.027185788038842,59.45945945945946,0,Xover-Main
2025-11-20,207.031,-5.088499999999982,-0.712097854997233,-0.7186837117599363,3.3076731380644393,4.0625341732126845,28.947368421052634,0,Xover-Main
2025-11-21,213.79749999999996,6.766499999999951,1.3804868002998654,0.5384699380331162,3.582475398708548,4.155285198769628,84.61538461538461,0,Xover-Main
2025-11-24,209.19500000000002,-4.602499999999935,-0.10380466674343908,-0.32637620921279326,3.6154718310753453,4.170820573272233,45.0,0,Xover-Main
2025-11-25,207.4595,-1.7355000000000302,-0.7370809504874765,-0.6466485291360335,3.624611258482088,4.126631165274501,34.146341463414636,0,Xover-Main
2025-11-26,205.95,-1.5095000000000027,-1.2723228231073815,-0.9164838356696353,3.6415704887393314,4.081552940012427,14.285714285714285,0,Xover-Main
2025-11-27,204.77999999999997,-1.170000000000016,-1.5000326277878142,-1.11190157513209,3.552140749379813,4.035273287421375,9.30232558139535,0,Xover-Main
2025-11-28,204.58999999999997,-0.18999999999999773,-1.418641435380354,-1.1185667850616772,3.551158518725277,3.9869927236389784,9.090909090909092,0,Xover-Main
2025-12-01,204.575,-0.014999999999986358,-1.2825228323204114,-1.0936684005319484,3.5320798441024945,3.9403668202561946,8.88888888888889,0,Xover-Main
2025-12-02,202.38400000000001,-2.190999999999974,-1.6763865353869798,-1.4594637950985818,3.4736018308975924,3.908218240556277,2.1739130434782608,0,Xover-Main
2025-12-03,202.22099999999998,-0.16300000000003934,-1.5146565468011306,-1.4402263641190811,3.454246127649022,3.8645572080464308,2.127659574468085,0,Xover-Main
2025-12-04,202.273,0.05200000000002092,-1.3431047463036316,-1.3860217561438677,3.445772218830269,3.822395391900633,4.166666666666666,0,Xover-Main
2025-12-05,200.7,-1.5730000000000075,-1.5524625415038977,-1.6123738346868035,3.2666206419284447,3.78741463719797,2.0408163265306123,0,Xover-Main
2025-12-08,201.18,0.4800000000000182,-1.2928053489882254,-1.4758698066734786,3.0431396784379667,3.748798601551727,4.0,0,Xover-Main
2025-12-09,203.45499999999998,2.2749999999999773,-0.7151844710096,-1.0473621755571825,3.0959229032447233,3.7258606246106774,13.725490196078432,0,Xover-Main
2025-12-10,202.8,-0.6549999999999727,-0.8336576774178227,-1.1381314998572791,3.0502527968898177,3.6892969673849834,11.538461538461538,0,Xover-Main
2025-12-11,197.871,-4.929000000000002,-1.6893868193714452,-1.9221006151473787,3.174290466002996,3.7140764821046974,1.8867924528301887,0,Xover-Main
2025-12-12,196.9305,-0.9405000000000143,-1.6628680905218367,-1.9858431264567906,2.880820942183147,3.6796625866178467,1.8518518518518516,0,Xover-Main
2025-12-15,198.252,1.3215000000000146,-1.262499782327499,-1.6999610195931116,2.9170924233910056,3.6506382106565893,5.454545454545454,0,Xover-Main
2025-12-16,198.237,-0.01500000000001478,-1.2142105077432956,-1.6446509109029595,2.6756885944752997,3.6167377276639274,5.357142857142857,0,Xover-Main
2025-12-17,198.3965,0.1595000000000084,-1.1004197921292433,-1.5685125830473254,2.6180732323599996,3.583971890498919,8.771929824561402,0,Xover-Main
2025-12-18,196.781,-1.6154999999999973,-1.3220571281086917,-1.7602878415362753,2.418261239207331,3.55705278211808,1.7241379310344827,0,Xover-Main
2025-12-19,194.91500000000002,-1.8659999999999854,-1.7458715701813257,-1.9653187813415993,1.7203714323167427,3.5326068206770396,1.694915254237288,0,Xover-Main
2025-12-22,194.414,-0.5010000000000332,-1.7325619045731189,-1.9569951694300451,1.4904152803479784,3.5022188916292327,1.6666666666666667,0,Xover-Main
2025-12-23,193.1025,-1.3114999999999952,-1.864230101372811,-2.0393966547435873,1.4784631787950062,3.475271190387241,1.639344262295082,0,Xover-Main
2025-12-24,193.50500000000002,0.40250000000003183,-1.5838502556213816,-1.8882331072241092,1.4863749836785027,3.4762540557733366,3.225806451612903,0,Xover-Main
2025-12-29,195.68200000000002,2.1769999999999925,-0.9235998213345936,-1.5409408896306263,1.605132414606675,3.4505917906601993,7.936507936507936,0,Xover-Main
2025-12-30,192.77749999999997,-2.9045000000000414,-1.5371749948922917,-1.85762229106194,1.69386655066076,3.4673757994767436,1.5625,0,Xover-Main
2025-12-31,193.385,0.6075000000000159,-1.2648723812180067,-1.7046503315710988,1.7106366620278248,3.4514001054608188,4.615384615384616,0,Xover-Main
2026-01-02,193.13,-0.25499999999999545,-1.2086225954455512,-1.6676505903431291,1.667693036250351,3.4510130308512164,4.545454545454546,0,Xover-Main
2026-01-05,192.706,-0.4240000000000066,-1.2036117170252447,-1.6481614258191535,1.6662449549811158,3.4248485839424454,1.4925373134328357,0,Xover-Main
2026-01-06,192.09199999999998,-0.6140000000000043,-1.254582441894303,-1.6517160292707238,1.6617918032558836,3.376614698839005,1.4705882352941175,0,Xover-Main
2026-01-07,192.3,0.20800000000002683,-1.0839943893001942,-1.5747031789681565,1.6494506421995938,3.2824294577289046,2.898550724637681,0,Xover-Main
2026-01-08,193.48250000000002,1.1825000000000045,-0.6687015510197043,-1.4079998619687892,1.6768766696246922,3.227131579237549,11.428571428571429,0,Xover-Main
2026-01-09,191.24099999999999,-2.2415000000000305,-1.3154782681285317,-1.686566791951276,1.602277568108344,3.197558323345375,1.4084507042253522,0,Xover-Main
2026-01-12,191.46125,0.22025000000002137,-1.2707253787867625,-1.5937503271732991,1.6129212951786653,2.6914772135117104,2.7777777777777777,0,Xover-Main
2026-01-13,190.59199999999998,-0.8692500000000223,-1.4682837392930097,-1.6395001553177964,1.2496001902714124,2.690720529587227,1.36986301369863,0,Xover-Main
2026-01-14,193.55200000000002,2.9600000000000364,-0.19070104587731063,-1.2403594237463236,1.4441178469644016,2.5436919000953173,17.56756756756757,0,Xover-Main
2026-01-15,192.08525,-1.4667500000000189,-0.7438099520661928,-1.3928502129852387,1.4271487384102957,2.4929427556320665,5.333333333333334,0,Xover-Main
2026-01-16,192.98625000000004,0.9010000000000389,-0.23576642849683996,-1.2329766460767642,1.4515475300769243,2.4682089489970758,11.842105263157894,0,Xover-Main
2026-01-19,197.41075,4.424499999999966,2.3022684440567867,-0.6199738085187753,1.7905234170689872,2.539761098262635,27.27272727272727,0,Xover-Main
2026-01-20,202.2074,4.79665,3.3611145017775574,0.05428026187267364,2.0505174354935862,2.622036056696968,35.8974358974359,0,Xover-Main
2026-01-21,198.2,-4.007400000000018,1.6056062774700197,-0.475302984721212,2.217132354499493,2.6360757612711674,29.11392405063291,0,Xover-Main
2026-01-22,191.66000000000003,-6.539999999999964,-0.7289940212313254,-1.3364569337639638,2.6761989553135006,2.714805979249059,5.0,0,Xover-Main
2026-01-23,191.86,0.19999999999998863,-0.6280813406493285,-1.2638701084297388,2.6626142610273713,2.711373977459474,6.172839506172839,0,Xover-Main
2026-01-26,192.48850000000002,0.6285000000000025,-0.38351836758606095,-1.1394712295175684,2.6651682286934273,2.7119826718439217,10.975609756097562,0,Xover-Main
2026-01-27,190.8675,-1.6210000000000093,-0.870531576863745,-1.3110704162414346,2.6331921507984064,2.6717170912676225,2.4096385542168677,0,Xover-Main
2026-01-28,192.7905,1.9230000000000018,-0.18936817931410016,-1.018467124809533,2.5971754695194726,2.686824595019457,15.476190476190476,0,Xover-Main
2026-01-29,194.9915,2.2009999999999934,0.5572646199933375,-0.6965680543817113,2.640847143362385,2.6972751547318397,27.058823529411764,0,Xover-Main
2026-01-30,195.345,0.3534999999999968,0.6354794579730303,-0.623181346790704,2.640285741813006,2.6661099081856627,27.906976744186046,0,Xover-Main
2026-02-02,195.08909999999997,-0.25590000000002533,0.5027250529042825,-0.6329287157442579,2.638760962723744,2.6555711939338376,27.586206896551722,0,Xover-Main
2026-02-03,192.0585,-3.030599999999964,-0.5443743938324295,-1.0267366219975815,2.727921625258435,2.674821443429818,7.954545454545454,0,Xover-Main
2026-02-04,193.56,1.501499999999993,-0.04744037744163084,-0.7906333101358571,2.7484108886102834,2.6139740340390296,24.719101123595504,0,Xover-Main
2026-02-05,196.408,2.8479999999999848,0.8729865426811672,-0.35093403899962117,2.808687051176644,2.5467591083011802,32.22222222222222,0,Xover-Main
2026-02-06,194.785,-1.6229999999999905,0.2656858639861166,-0.5671645185985685,2.7843120055429313,2.552538578265329,26.373626373626376,0,Xover-Main
2026-02-09,191.554,-3.2309999999999945,-0.8592195283093229,-1.0167222096828812,2.8865741044520914,2.565396750371167,5.434782608695652,0,Xover-Main
2026-02-10,190.411,-1.1430000000000007,-1.248536430386673,-1.1496800968553273,2.891580670125265,2.54510413337384,1.0752688172043012,0,Xover-Main
2026-02-11,191.8535,1.4424999999999955,-0.7098580605030291,-0.9119463007227513,2.8288005255389486,2.4520939859240825,8.51063829787234,0,Xover-Main
2026-02-12,191.4075,-0.44599999999999795,-0.843121294563026,-0.9588629348219962,2.8117139757710077,2.4505524993286865,5.263157894736842,0,Xover-Main
2026-02-13,195.353,3.9455000000000098,0.45180556402219413,-0.2973412958803528,2.94428112371991,2.437472413238062,34.375,0,Xover-Main
2026-02-16,195.51,0.15699999999998226,0.5528660257854022,-0.23658638287308253,2.7649585213827486,2.4056698765888656,35.051546391752574,0,Xover-Main
2026-02-17,198.035,2.5250000000000057,1.8433377249411391,0.26138408991895073,2.594862201918888,2.3476621009476557,41.83673469387755,0,Xover-Main
2026-02-18,195.214,-2.820999999999998,0.77558198821268,-0.2352612970487393,2.5158059252820304,2.189903904526248,32.323232323232325,0,Xover-Main
2026-02-19,196.22499999999997,1.0109999999999673,1.1272974383767762,0.022180156751093232,2.0249844595894886,2.122264041997318,37.0,0,Xover-Main
2026-02-20,196.605,0.3800000000000239,1.1732427210647576,0.1560051881619166,2.0252522801915416,2.114152180457395,38.613861386138616,0,Xover-Main
2026-02-23,195.78050000000002,-0.824499999999972,0.7223657527137101,0.0013439056129458428,2.0365084312436075,2.10869853462494,36.27450980392157,0,Xover-Main
2026-02-24,199.04,3.2594999999999743,1.9257211659724578,0.8679195595591902,2.1026179153053777,2.150206612750065,48.54368932038835,0,Xover-Main
2026-02-25,197.7175,-1.322499999999991,1.2141475480673867,0.5814989995015281,2.104829515161432,2.1560115620497204,42.30769230769231,0,Xover-Main
2026-02-26,199.0505,1.3329999999999984,1.5721911288996946,1.0109153134120952,2.0710830991740004,2.1640747377069354,49.523809523809526,0,Xover-Main
2026-02-27,204.57500000000002,5.5245000000000175,2.7301745248971634,2.5030060194814916,2.3892036321313124,2.2641578234628463,61.32075471698113,0,Xover-Main
2026-03-02,211.325,6.749999999999972,3.0960014167876797,3.847932902532058,2.7628553467048813,2.424076923995258,84.11214953271028,0,Xover-Main
2026-03-03,218.18575,6.860750000000024,3.034749193109623,4.510203411124812,2.9196966378499596,2.5740592940015983,96.29629629629629,0,Xover-Main
2026-03-04,211.10900000000004,-7.076749999999976,1.7186895646540095,2.8442129787998556,3.468103672454834,2.7337861851110334,81.65137614678899,0,Xover-Main
2026-03-05,212.05399999999997,0.9449999999999363,1.6140282841761646,2.801847002408191,3.437161802119205,2.735328534162257,83.63636363636363,0,Xover-Main
2026-03-06,224.21000000000004,12.156000000000063,2.446305002171812,4.162180145731625,4.22118769377206,3.132181919539541,99.09909909909909,0,Xover-Main
2026-03-09,238.60015,14.390149999999977,2.8325718433944362,4.850393468049412,4.962022407915076,3.6156188907376032,100.0,0,Xover-Main
2026-03-10,218.7,-19.900150000000025,1.123436676766612,2.355586082098109,7.008171236867948,4.428605560004381,94.69026548672566,0,Xover-Main
2026-03-11,224.24749999999997,5.547499999999985,1.3948196749746349,2.7292961556806863,7.068885052672366,4.475591644807809,98.24561403508771,0,Xover-Main
2026-03-12,232.3792,8.131700000000023,1.7601944125462845,3.1926820170025456,7.196028738552886,4.582998009998448,99.1304347826087,0,Xover-Main
2026-03-13,237.095,4.7158000000000015,1.8099298519907279,3.237871575470918,7.208766022405607,4.613378260923508,99.13793103448276,0,Xover-Main
2026-03-16,241.96000000000004,4.8650000000000375,1.8378970716867182,3.248915339799637,7.219283471333826,4.644827920652366,100.0,0,Xover-Main
2026-03-17,233.867813,-8.092187000000024,1.1975688078482254,2.4405165080241282,7.584719711777589,4.773639817083324,97.45762711864407,0,Xover-Main
2026-03-18,235.25599999999997,1.3881869999999594,1.161320514916011,2.372525362857081,7.508002563370353,4.763413329888024,97.47899159663865,0,Xover-Main
2026-03-19,244.7,9.444000000000017,1.5514364337437607,2.7743289084416847,7.684145568670806,4.893151555014209,100.0,0,Xover-Main
2026-03-20,240.83750000000003,,,,,,100.0,1,Xover-Main
2026-03-23,273.65000000000003,,,,,,100.0,2,Xover-Main
2026-03-24,273.065,-0.5850000000000364,,,,,50.0,2,Xover-Main
2026-03-25,264.875,-8.189999999999998,,,,,33.33333333333333,2,Xover-Main
2026-03-26,273.67299999999994,8.797999999999945,,,,,100.0,2,Xover-Main
2026-03-27,289.07950000000005,15.406500000000108,,,,,100.0,2,Xover-Main
2026-03-30,290.80550000000005,1.725999999999999,,,,,100.0,2,Xover-Main
2026-03-31,282.649,-8.156500000000051,,,,,71.42857142857143,2,Xover-Main
2026-04-01,264.92485,-17.72415000000001,,,,,25.0,2,Xover-Main
2026-04-02,269.6553,4.730450000000019,,,,,33.33333333333333,2,Xover-Main
2026-04-07,261.322,-8.333300000000008,-1.2838578874237838,,,,10.0,2,Xover-Main
2026-04-08,239.48415,-21.837850000000003,-2.2226452516105852,,11.632419452238041,,9.090909090909092,2,Xover-Main
2026-04-09,240.13385,0.6496999999999957,-1.7475951819253404,,11.103378595552895,,16.666666666666664,2,Xover-Main
2026-04-10,232.91424999999998,-7.219600000000014,-1.7832987999132284,,10.654962402059407,,7.6923076923076925,2,Xover-Main
2026-04-13,239.28449999999998,6.370249999999999,-1.2908084122428989,,10.554733501688567,,14.285714285714285,2,Xover-Main
2026-04-14,229.0825,-10.20199999999997,-1.5875018838161972,,10.33991122409922,,6.666666666666667,2,Xover-Main
2026-04-15,226.79000000000002,-2.2924999999999898,-1.5094979116139677,,9.966442663114211,,6.25,2,Xover-Main
2026-04-16,226.1585,-0.6315000000000168,-1.3955877902882607,,9.648640603678768,,5.88235294117647,2,Xover-Main
2026-04-17,220.2453,-5.9132000000000176,-1.4978517182448192,,9.369520817531026,,5.555555555555555,2,Xover-Main
2026-04-20,222.91,2.6647000000000105,-1.2828114924034495,,9.192213077183322,,10.526315789473683,2,Xover-Main
2026-04-21,223.85775,0.9477500000000134,-1.1668819409228988,,8.974922270615053,,15.0,2,Xover-Main
2026-04-22,227.017,3.159249999999986,-0.9382043070758022,,8.830637336941152,,28.57142857142857,2,Xover-Main
2026-04-23,229.8125,2.795500000000004,-0.7423823307515042,,8.897925398779034,,36.36363636363637,2,Xover-Main
2026-04-24,230.57999999999998,0.7674999999999841,-0.6412485174172494,,8.803507059704295,,39.130434782608695,2,Xover-Main
2026-04-27,230.75250000000003,0.17250000000004206,-0.561070188429945,,8.466207850353959,,41.66666666666667,2,Xover-Main
2026-04-28,232.7001,1.9475999999999658,-0.3993967493597506,,7.474399691603477,,44.0,2,Xover-Main
2026-04-29,234.86549999999997,2.165399999999977,-0.19548304496309749,,7.489093482577815,,50.0,2,Xover-Main
2026-04-30,237.51,2.644500000000022,0.10898871085588936,,7.471688685948904,,51.85185185185185,2,Xover-Main
2026-05-01,228.4512,-9.05879999999999,-0.4715471090874624,,6.7433123893480955,,25.0,2,Xover-Main
2026-05-05,230.18667200000002,1.7354720000000157,-0.2284458343556014,,6.622272669570488,,34.48275862068966,2,Xover-Main
2026-05-06,219.4275,-10.759172000000007,-1.7502166812074715,-1.1297889060773816,6.76555703322221,,3.3333333333333335,2,Xover-Main
2026-05-07,218.37500000000006,-1.0524999999999523,-1.7167142545970793,-1.1321972952543407,4.917081862883945,7.6886862280827515,3.225806451612903,2,Xover-Main
2026-05-08,221.23224999999996,2.857249999999908,-1.1704987676030225,-0.9748633853786483,4.981725767930368,7.606436149133059,12.5,2,Xover-Main
2026-05-11,221.2975,0.06525000000004866,-1.047385195147761,-0.9437641992005419,4.7602076160645606,7.489183159129288,15.151515151515152,2,Xover-Main
2026-05-12,223.89649999999997,2.598999999999961,-0.5390548309741185,-0.8084967930171069,4.539966306264761,7.408010144826894,23.52941176470588,2,Xover-Main
2026-05-13,224.175,0.2785000000000366,-0.44032190154715634,-0.7777748072520156,3.9619685087078893,7.301332934851539,25.71428571428571,2,Xover-Main
2026-05-14,218.26774999999998,-5.907250000000033,-1.3918405430127392,-1.0122057350386773,4.138773538696945,7.232417150769597,2.7777777777777777,2,Xover-Main
2026-05-15,222.546,4.278250000000014,-0.5922080275013749,-0.802686625895908,4.269494250468376,7.19495800820122,18.91891891891892,2,Xover-Main
2026-05-18,223.13800000000003,0.5920000000000414,-0.5240803759692269,-0.7599402317951592,4.052041031179406,7.102027724293971,23.684210526315788,2,Xover-Main
2026-05-19,225.981,2.842999999999961,-0.04039946751649266,-0.6203856398393714,4.058068962432926,7.03858008253989,33.33333333333333,2,Xover-Main
2026-05-20,225.3,-0.6809999999999832,-0.17789205943551942,-0.6399292424880195,4.057634967809012,6.9459567270222005,32.5,2,Xover-Main
2026-05-21,223.095,-2.2050000000000125,-0.5400566466681782,-0.727223694359166,4.019948242651675,6.85802616325249,21.951219512195124,2,Xover-Main
2026-05-22,219.36800000000002,-3.7269999999999754,-1.096006538220143,-0.8800269983786433,4.029040159535632,6.782675358783233,7.142857142857142,2,Xover-Main
2026-05-26,214.678,-4.690000000000026,-1.6777607178393024,-1.0692211344282496,4.1208575378533165,6.719552679330887,2.3255813953488373,2,Xover-Main
2026-05-27,211.85250000000002,-2.825499999999977,-1.8446754049255183,-1.1668755343135744,4.13829830459439,6.642613732328873,2.272727272727273,2,Xover-Main
2026-05-28,211.977,0.1244999999999834,-1.6257350184939108,-1.1312675762638953,4.091038055811543,6.56913970932964,4.444444444444445,2,Xover-Main
2026-05-29,206.71500000000003,-5.261999999999972,-2.1162575056339596,-1.329932077889537,4.122114640734953,6.519508698748427,2.1739130434782608,2,Xover-Main
2026-06-01,206.998,0.2829999999999586,-1.9664623262430982,-1.279405521987716,4.032792471061572,6.451945536755069,4.25531914893617,2,Xover-Main
2026-06-02,205.83499999999998,-1.163000000000011,-1.863388275364416,-1.2939117218466145,3.6220819893679304,6.381566670356476,2.083333333333333,2,Xover-Main
2026-06-03,207.9,2.065000000000026,-1.4349559910580232,-1.1721029141059822,3.636527265008141,6.333583061104962,8.16326530612245,2,Xover-Main
2026-06-04,208.5,0.5999999999999943,-1.2150187438296076,-1.119251538481457,2.8536843492459956,6.2735751874099295,10.0,2,Xover-Main
2026-06-05,208.03750000000002,-0.46249999999997726,-1.1623634680252624,-1.114368137637554,2.851225410032633,6.210439863531261,9.803921568627452,2,Xover-Main
2026-06-08,211.98575,3.948249999999973,-0.5609013266846853,-0.9229006360903278,2.9285648374650726,6.191992985744459,17.307692307692307,2,Xover-Main
2026-06-09,208.00399999999996,-3.9817500000000337,-1.001341670809241,-1.0765621318684178,3.02830901779142,6.143031426684141,9.433962264150944,2,Xover-Main
2026-06-10,210.59499999999997,2.591000000000008,-0.5774700338397167,-0.9450334487925737,3.0278557345656543,6.106659814423744,14.814814814814813,2,Xover-Main
2026-06-11,209.8549,-0.740099999999984,-0.6044124756750993,-0.9605444983023382,3.0197047111605584,6.049084921352234,14.545454545454545,2,Xover-Main
2026-06-12,202.48999999999998,-7.364900000000006,-1.4747511327582057,-1.2564629378686636,3.16565663932856,6.050537617802896,1.7857142857142856,2,Xover-Main
2026-06-15,197.03,-5.4599999999999795,-1.916777076776712,-1.4550152494691055,3.09335443112795,6.021074229626444,1.7543859649122806,2,Xover-Main
2026-06-16,197.4164,0.38640000000000896,-1.6637804631747408,-1.4007578615838383,3.0871559857526454,5.97159657677422,3.4482758620689653,2,Xover-Main
2026-06-17,199.17462,1.7582199999999943,-1.3546553645257573,-1.2943418487255902,3.019582865825743,5.932923174355411,5.084745762711865,2,Xover-Main
2026-06-18,199.58550000000002,0.4108800000000201,-1.2463126443645178,-1.2490731969495388,3.04191870964173,5.885692815628032,6.666666666666667,2,Xover-Main
2026-06-19,197.76,-1.8255000000000337,-1.4614519161580548,-1.295929034218717,3.037062368714733,5.8360651219988915,4.918032786885246,2,Xover-Main
2026-06-22,196.1475,-1.612499999999983,-1.6169250477670412,-1.3357082171080428,2.983237082214552,5.835543942515896,1.6129032258064515,2,Xover-Main
2026-06-23,197.371,1.2235000000000014,-1.2893146024638173,-1.2468365486356434,2.907143534719802,5.772876666344268,4.761904761904762,2,Xover-Main
2026-06-24,196.2365,-1.1345000000000027,-1.3401163112900496,-1.2753914643831,2.8715067266964827,5.623993378249419,3.125,2,Xover-Main
2026-06-25,195.31,-0.9265000000000043,-1.359076645203743,-1.3351645211715788,2.863673543377823,5.179853121017662,1.5384615384615385,2,Xover-Main
2026-06-26,196.75,1.4399999999999977,-1.0046595846599118,-1.3048494350754491,2.705950910763749,5.176906097498975,6.0606060606060606,2,Xover-Main
2026-06-29,195.23899999999998,-1.511000000000024,-1.1368990883811012,-1.4316248098799187,2.7084237550144046,5.104126766538018,1.4925373134328357,2,Xover-Main
2026-06-30,192.575,-2.6639999999999873,-1.403299403055115,-1.5892774766675386,2.7457361830165556,4.639780125948448,1.4705882352941175,2,Xover-Main
2026-07-01,194.00900000000001,1.434000000000026,-1.0628659282088275,-1.5353495808237048,2.7162066572975214,4.587518409694738,2.898550724637681,2,Xover-Main
2026-07-02,191.72199999999998,-2.2870000000000346,-1.2878202638397551,-1.7073989286631688,2.7204981388650924,4.495001699130855,1.4285714285714286,2,Xover-Main
2026-07-03,190.83499999999998,-0.8870000000000005,-1.2921183961412879,-1.7120298851239912,2.7190625221252867,3.5826389037180855,1.4084507042253522,2,Xover-Main
2026-07-06,189.66870000000003,-1.16629999999995,-1.4018463299476498,-1.7386464382967743,2.47235303315193,3.5777586854598615,1.3888888888888888,2,Xover-Main
2026-07-07,189.61749999999998,-0.051200000000051205,-1.3055954449721732,-1.6758287546537247,2.387309829188937,3.4794873952397154,1.36986301369863,2,Xover-Main
2026-07-08,195.74725,6.12975000000003,-0.1036189451017039,-1.2114395759994658,2.76278516377353,3.471308086048375,12.162162162162163,2,Xover-Main
2026-07-09,194.31649999999996,-1.430750000000046,-0.33845085827171834,-1.2704391786952944,2.7670680206749765,3.2426239839853412,9.333333333333334,2,Xover-Main
2026-07-10,192.76500000000001,-1.5514999999999475,-0.7437660821382868,-1.3335039015368688,2.305432439259388,3.2373958268417775,7.894736842105263,2,Xover-Main
2026-07-13,195.64374999999998,2.878749999999968,0.25646665542638064,-1.0907166415399883,2.103801750055253,3.2677868586039756,14.285714285714285,2,Xover-Main
2026-07-14,199.35,3.7062500000000114,1.4343500781414025,-0.7998973514124976,2.266341619331872,3.2339304272509395,26.923076923076923,2,Xover-Main
2026-07-15,197.3775,-1.9724999999999966,0.8441270178196272,-0.9097100754714813,2.275899584891543,3.216066485596911,22.78481012658228,2,Xover-Main
2026-07-16,198.47,1.0925000000000011,1.2721600041755359,-0.8039037563732592,2.288859269632852,3.2171682095863923,26.25,2,Xover-Main
2026-07-17,203.5498,5.079800000000006,2.473925672755248,-0.41805427835055897,2.517274047435987,3.262647930933274,32.098765432098766,2,Xover-Main
2026-07-20,202.75799999999998,-0.7918000000000234,1.917811467090207,-0.4505033616701273,2.491191309261922,3.2360232408448715,31.70731707317073,2,Xover-Main
2026-07-21,202.2825,-0.4754999999999825,1.6104488373756747,-0.4601773734787894,2.4881042302111784,3.232067275606312,30.120481927710845,2,Xover-Main
2026-07-22,204.35474999999997,2.0722499999999684,1.8241104018884322,-0.2782072591157626,2.4977944251866364,3.247751570961504,34.523809523809526,2,Xover-Main
2026-07-23,210.16680000000002,5.812050000000056,2.422707295247415,0.20413294271335747,2.7503220826984967,3.3331001291353117,44.70588235294118,2,Xover-Main
2026-07-24,211.95,1.7831999999999653,2.2232703875821813,0.3917244915611829,2.7559656552458667,3.328523793535201,47.674418604651166,2,Xover-Main
2026-07-27,205.1292,-6.820799999999991,1.0580406308231698,-0.1353311741070594,3.2053653704457252,3.4060560038668504,34.48275862068966,2,Xover-Main
2026-07-28,207.14999999999998,2.02079999999998,1.223718948356099,0.07512579624624349,3.1327555064024337,3.232269827182549,38.63636363636363,2,Xover-Main
2026-07-29,211.51,4.360000000000014,1.6276036349618346,0.5177431378936528,3.2341069652834262,3.2784684835282434,47.19101123595505,2,Xover-Main
2026-07-30,211.0675,-0.44249999999999545,1.4009624037479917,0.4950304656554298,3.1647464202273983,2.9779921922417967,46.666666666666664,2,Xover-Main
2026-07-31,205.69183349999997,-5.3756665000000226,0.5996689015928687,0.0033136496139071427,3.449515167549194,3.051844754293575,34.065934065934066,2,Xover-Main
2026-08-03,201.1325,-4.55933349999998,-0.13263349767029967,-0.41143220595321656,3.627211113430242,3.0755542010238814,27.173913043478258,2,Xover-Main
2026-08-04,198.6415,-2.4909999999999854,-0.6420411196287488,-0.6303460578779168,3.689803268528619,3.0875974843630156,23.655913978494624,2,Xover-Main
2026-08-05,198.2145,-0.4270000000000209,-0.7502132148604683,-0.6483452108350104,3.4416494795207213,3.06276688033842,22.340425531914892,2,Xover-Main
2026-08-06,199.4764,1.2619000000000256,-0.6065374209096077,-0.49287278939970114,3.430302698266427,3.0692363214804015,27.368421052631582,2,Xover-Main
2026-08-07,197.76749999999998,-1.7089000000000283,-1.0309748487764436,-0.6489800047618103,3.43485018811397,2.9886222022743474,21.875,2,Xover-Main
2026-08-10,197.94150000000002,0.17400000000003502,-1.050286253965554,-0.6058849981765883,3.3786953451997923,2.927431330546195,22.68041237113402,2,Xover-Main
2026-08-11,200.3925,2.4509999999999934,-0.5753137453853349,-0.30186478799931454,3.3196133006876525,2.9479823474797415,30.612244897959183,2,Xover-Main
2026-08-12,199.351,-1.0415000000000134,-0.8220241624005196,-0.3968052476955515,3.296173124412972,2.918528815680762,28.28282828282828,2,Xover-Main
2026-08-13,196.94879999999998,-2.402200000000022,-1.2762280940430615,-0.6844672664735432,3.3331384711271212,2.929338425085452,16.0,2,Xover-Main
2026-08-14,195.4406,-1.508199999999988,-1.413476473849241,-0.8818068671684742,3.115195987130497,2.923729470123292,10.891089108910892,2,Xover-Main
2026-08-17,196.4105,0.969900000000024,-1.1266878842795203,-0.7267213529644918,3.1285750238385823,2.897560656561534,15.686274509803921,2,Xover-Main
2026-08-18,199.81475,3.4042499999999905,-0.4764277943789128,-0.1808029714601809,3.236669162140058,2.8820031950861007,33.00970873786408,2,Xover-Main
2026-08-19,198.81699999999998,-0.9977500000000248,-0.6037688735559559,-0.3109700242902485,3.199646023084924,2.86389719970165,27.884615384615387,2,Xover-Main
2026-08-20,200.81590000000003,1.9989000000000487,-0.16700342160622525,0.0418129015465583,2.9190301382114177,2.8778774128527624,35.23809523809524,2,Xover-Main
2026-08-21,199.50549999999998,-1.310400000000044,-0.3373202912055416,-0.15671637620211748,2.8751204593157573,2.8040132186064994,32.075471698113205,2,Xover-Main
2026-08-24,198.5875,-0.917999999999978,-0.47288444947047653,-0.28949949587617796,2.481330647730272,2.8053728485507086,26.168224299065418,2,Xover-Main
2026-08-25,195.79860000000002,-2.788899999999984,-0.9922074873851362,-0.7340039220777773,2.4748667407022045,2.823216119865328,12.962962962962962,2,Xover-Main
2026-08-26,194.7695,-1.029100000000028,-1.2456157965038255,-0.8784818874240979,2.1867337598868053,2.809977832402696,8.256880733944955,2,Xover-Main
2026-08-27,195.575,0.805499999999995,-1.1910302842778586,-0.714481929804546,2.216192199008126,2.811117818665128,11.818181818181818,2,Xover-Main
2026-08-28,195.67645000000002,0.10145000000002824,-1.2277471453457756,-0.6708303633687531,1.9387548046581875,2.811220477112829,13.513513513513514,2,Xover-Main
2026-09-01,199.71900000000002,4.042550000000006,0.9425450674317393,0.07847486631601934,1.9451264120400542,2.813607711256571,36.607142857142854,2,Xover-Main
2026-09-02,200.639,0.9199999999999875,1.3235067485188472,0.27568816837443516,1.8698231863707064,2.7729407137954643,38.93805309734513,2,Xover-Main
2026-09-03,199.965,-0.6740000000000066,0.9078303378274859,0.19016729827396042,1.8742966542918178,2.7507305008638507,37.719298245614034,2,Xover-Main
2026-09-04,197.61999999999998,-2.3450000000000273,-0.23409761473280788,-0.237240364828014,1.9281065960923343,2.7640680473047836,23.47826086956522,2,Xover-Main
2026-09-07,198.119,0.49900000000002365,0.012099873177010965,-0.12159888426921808,1.8936055985939477,2.6003518644280947,26.72413793103448,2,Xover-Main
2026-09-08,199.32244500000002,1.2034450000000163,0.5870228380051119,0.1164594734867816,1.9119834303864487,2.506991843597403,32.47863247863248,2,Xover-Main
2026-09-09,201.96,2.637554999999992,1.7757143763547594,0.638242841953035,1.9246288110144436,2.529039431318382,43.22033898305085,2,Xover-Main
2026-09-10,206.51349999999996,4.553499999999957,2.8362935021436204,1.510789744628011,2.1470560952095137,2.58567051910249,50.42016806722689,2,Xover-Main
2026-09-11,206.5625,0.049000000000035016,2.283560531549218,1.4694248261332385,2.0489136111293353,2.585408050401685,50.83333333333333,2,Xover-Main
2026-09-14,209.91899999999998,3.3564999999999827,2.555324591432134,2.014507290138414,2.088745226433803,2.6059146606748764,57.85123966942148,2,Xover-Main
2026-09-15,209.87650000000002,-0.042499999999961346,2.1056776533392703,1.9064358315495473,2.0947292447329486,2.5952398708176934,57.377049180327866,2,Xover-Main
2026-09-16,207.46875,-2.4077500000000214,1.3987613053025445,1.4102952567658291,2.099069161695627,2.6139237724933744,52.84552845528455,2,Xover-Main
2026-09-17,202.172,-5.296750000000003,0.24278789243940538,0.4357023538869932,2.4402564103415774,2.702804450754229,41.935483870967744,2,Xover-Main
2026-09-18,203.276,1.1040000000000134,0.4487126640756966,0.6130240344644144,2.4129648399247663,2.7024594130219595,44.800000000000004,2,Xover-Main
2026-09-21,190.1635,,,,,,100.0,3,Xover-Main
2026-09-22,222.853,,,,,,100.0,4,Xover-Main
2026-09-23,223.4755,0.6225000000000023,,,,,100.0,4,Xover-Main
2026-09-24,228.605,5.129499999999979,,,,,100.0,4,Xover-Main
2026-09-25,232.26150000000004,3.656500000000051,,,,,100.0,4,Xover-Main
2026-09-28,236.75039999999998,4.488899999999944,,,,,100.0,4,Xover-Main
2026-09-29,234.80915,-1.9412499999999966,,,,,83.33333333333334,4,Xover-Main
2026-09-30,235.35955,0.5504000000000246,,,,,85.71428571428571,4,Xover-Main
