date,spread_bp,maturity,trade_count,reported_notional_eur,series,index_series_id
2025-10-06,55.789,2030-12-20,208,12240121724.0,Main,1
2025-10-07,55.925000000000004,2030-12-20,187,14177105931.0,Main,1
2025-10-08,56.155,2030-12-20,191,11978546084.0,Main,1
2025-10-09,56.505,2030-12-20,187,11658125135.0,Main,1
2025-10-10,57.625,2030-12-20,238,15887454825.0,Main,1
2025-10-13,58.650000000000006,2030-12-20,202,11894744016.0,Main,1
2025-10-14,59.313500000000005,2030-12-20,286,17151542924.0,Main,1
2025-10-15,56.2,2030-12-20,212,14237586026.0,Main,1
2025-10-16,56.32,2030-12-20,166,9287640000.0,Main,1
2025-10-17,57.99999999999999,2030-12-20,279,16206592051.0,Main,1
2025-10-20,56.522,2030-12-20,189,9634029014.0,Main,1
2025-10-21,55.681000000000004,2030-12-20,172,10362257930.0,Main,1
2025-10-22,56.0,2030-12-20,143,7492990060.0,Main,1
2025-10-23,55.77,2030-12-20,146,8303389920.0,Main,1
2025-10-24,54.905,2030-12-20,148,8374225994.0,Main,1
2025-10-27,53.575,2030-12-20,125,7177850190.0,Main,1
2025-10-28,53.19,2030-12-20,123,6850756000.0,Main,1
2025-10-29,53.0165,2030-12-20,156,8159257923.0,Main,1
2025-10-30,53.74999999999999,2030-12-20,161,7596394035.0,Main,1
2025-10-31,54.0,2030-12-20,175,9260665000.0,Main,1
2025-11-03,54.620000000000005,2030-12-20,178,9871210090.0,Main,1
2025-11-04,55.7652,2030-12-20,225,11324483021.0,Main,1
2025-11-05,55.129999999999995,2030-12-20,177,9049460028.0,Main,1
2025-11-06,55.15,2030-12-20,168,8192396984.0,Main,1
2025-11-07,56.49,2030-12-20,157,8451320016.0,Main,1
2025-11-10,54.805,2030-12-20,177,10283631902.0,Main,1
2025-11-11,54.425000000000004,2030-12-20,116,5449683012.0,Main,1
2025-11-12,53.875,2030-12-20,144,8281654955.0,Main,1
2025-11-13,54.5025,2030-12-20,172,9007979000.0,Main,1
2025-11-14,55.88,2030-12-20,241,13793796108.0,Main,1
2025-11-17,55.400299999999994,2030-12-20,151,7909960160.0,Main,1
2025-11-18,56.888999999999996,2030-12-20,226,12769420901.0,Main,1
2025-11-19,56.196000000000005,2030-12-20,208,11167260030.0,Main,1
2025-11-20,54.625,2030-12-20,213,10880983978.0,Main,1
2025-11-21,56.70399999999999,2030-12-20,294,15319081902.0,Main,1
2025-11-24,55.160000000000004,2030-12-20,159,8674680060.0,Main,1
2025-11-25,54.5405,2030-12-20,184,10401452055.0,Main,1
2025-11-26,53.800000000000004,2030-12-20,165,8764373727.0,Main,1
2025-11-27,53.25,2030-12-20,78,3460499996.0,Main,1
2025-11-28,53.19,2030-12-20,118,5491185000.0,Main,1
2025-12-01,53.074999999999996,2030-12-20,144,6848118003.0,Main,1
2025-12-02,52.522999999999996,2030-12-20,149,7504908944.0,Main,1
2025-12-03,52.49700000000001,2030-12-20,127,6184948128.0,Main,1
2025-12-04,52.5525,2030-12-20,96,3796869995.0,Main,1
2025-12-05,52.300000000000004,2030-12-20,106,5571959922.0,Main,1
2025-12-08,52.519999999999996,2030-12-20,91,4695217980.0,Main,1
2025-12-09,53.0,2030-12-20,126,7361571052.0,Main,1
2025-12-10,52.95,2030-12-20,121,4304216004.0,Main,1
2025-12-11,51.614,2030-12-20,210,12651402081.0,Main,1
2025-12-12,51.081,2030-12-20,137,7194230060.0,Main,1
2025-12-15,51.468,2030-12-20,98,5468117856.0,Main,1
2025-12-16,51.513,2030-12-20,87,3568226985.0,Main,1
2025-12-17,51.875,2030-12-20,143,7497120040.0,Main,1
2025-12-18,51.305,2030-12-20,110,5484864000.0,Main,1
2025-12-19,51.084999999999994,2030-12-20,110,6158560048.0,Main,1
2025-12-22,51.050000000000004,2030-12-20,47,2335543994.0,Main,1
2025-12-23,50.722500000000004,2030-12-20,53,2056152032.0,Main,1
2025-12-24,50.660000000000004,2030-12-20,7,140200000.0,Main,1
2025-12-29,51.260000000000005,2030-12-20,61,3441544012.0,Main,1
2025-12-30,50.509249999999994,2030-12-20,56,2689330015.0,Main,1
2025-12-31,50.565000000000005,2030-12-20,15,408000000.0,Main,1
2026-01-02,50.405,2030-12-20,81,4800987032.0,Main,1
2026-01-05,50.405,2030-12-20,99,6104962070.0,Main,1
2026-01-06,50.11,2030-12-20,139,7939319970.0,Main,1
2026-01-07,50.2,2030-12-20,143,8659151640.0,Main,1
2026-01-08,50.5175,2030-12-20,128,7260783976.0,Main,1
2026-01-09,49.909000000000006,2030-12-20,121,6911256122.0,Main,1
2026-01-12,49.89875,2030-12-20,122,6976884133.0,Main,1
2026-01-13,49.658,2030-12-20,159,8319641000.0,Main,1
2026-01-14,50.478,2030-12-20,193,11904183915.0,Main,1
2026-01-15,50.099999999999994,2030-12-20,129,7878389990.0,Main,1
2026-01-16,50.19574999999999,2030-12-20,134,6904730008.0,Main,1
2026-01-19,51.72425,2030-12-20,238,14672350026.0,Main,1
2026-01-20,52.861999999999995,2030-12-20,381,24243159850.0,Main,1
2026-01-21,52.300000000000004,2030-12-20,429,27828260234.0,Main,1
2026-01-22,50.25,2030-12-20,215,12824937920.0,Main,1
2026-01-23,50.39,2030-12-20,121,7139031945.0,Main,1
2026-01-26,50.466499999999996,2030-12-20,128,7424976054.0,Main,1
2026-01-27,50.1325,2030-12-20,132,7073749946.0,Main,1
2026-01-28,50.709500000000006,2030-12-20,183,9506764925.0,Main,1
2026-01-29,51.433,2030-12-20,178,9733429901.0,Main,1
2026-01-30,51.279999999999994,2030-12-20,171,8525233934.0,Main,1
2026-02-02,51.2109,2030-12-20,165,8560731036.0,Main,1
2026-02-03,50.315000000000005,2030-12-20,190,11289817910.0,Main,1
2026-02-04,50.870000000000005,2030-12-20,222,12140846000.0,Main,1
2026-02-05,51.977000000000004,2030-12-20,355,21572834860.0,Main,1
2026-02-06,52.07,2030-12-20,239,14750431000.0,Main,1
2026-02-09,51.344,2030-12-20,165,10050126000.0,Main,1
2026-02-10,50.89,2030-12-20,137,7321790064.0,Main,1
2026-02-11,51.508500000000005,2030-12-20,238,13199894880.0,Main,1
2026-02-12,51.25,2030-12-20,231,13516473846.0,Main,1
2026-02-13,52.31,2030-12-20,251,14850129835.0,Main,1
2026-02-16,52.615,2030-12-20,88,4381000000.0,Main,1
2026-02-17,53.410000000000004,2030-12-20,303,18719329725.0,Main,1
2026-02-18,52.39,2030-12-20,273,16288183760.0,Main,1
2026-02-19,52.775,2030-12-20,211,12790004966.0,Main,1
2026-02-20,52.75,2030-12-20,156,7157202036.0,Main,1
2026-02-23,52.659499999999994,2030-12-20,146,8829961036.0,Main,1
2026-02-24,53.550000000000004,2030-12-20,265,16946094195.0,Main,1
2026-02-25,53.0755,2030-12-20,172,10629302036.0,Main,1
2026-02-26,53.459500000000006,2030-12-20,279,18589723936.0,Main,1
2026-02-27,55.35,2030-12-20,374,22078925000.0,Main,1
2026-03-02,57.800000000000004,2030-12-20,537,37409245263.0,Main,1
2026-03-03,59.28,2030-12-20,544,31390407740.0,Main,1
2026-03-04,56.699999999999996,2030-12-20,580,37927888864.0,Main,1
2026-03-05,57.346000000000004,2030-12-20,505,30497126632.0,Main,1
2026-03-06,60.75,2030-12-20,537,32073898270.0,Main,1
2026-03-09,64.5975,2030-12-20,602,37492665300.0,Main,1
2026-03-10,58.5,2030-12-20,497,29541854088.0,Main,1
2026-03-11,60.0325,2030-12-20,470,26543875280.0,Main,1
2026-03-12,62.354299999999995,2030-12-20,420,24680795000.0,Main,1
2026-03-13,63.654999999999994,2030-12-20,479,28220090135.0,Main,1
2026-03-16,63.428,2030-12-20,363,20228845700.0,Main,1
2026-03-17,61.42,2030-12-20,322,16854969954.0,Main,1
2026-03-18,61.82899999999999,2030-12-20,454,25875977922.0,Main,1
2026-03-19,64.8,2030-12-20,545,35356849900.0,Main,1
2026-03-20,70.2,2031-06-20,556,52055608995.0,Main,2
2026-03-23,69.5,2031-06-20,622,41843454525.0,Main,2
2026-03-24,69.435,2031-06-20,405,23617544392.0,Main,2
2026-03-25,67.125,2031-06-20,371,21826105942.0,Main,2
2026-03-26,69.295,2031-06-20,329,18499444096.0,Main,2
2026-03-27,73.193,2031-06-20,359,18005659920.0,Main,2
2026-03-30,73.8945,2031-06-20,326,18612388972.0,Main,2
2026-03-31,71.801,2031-06-20,348,19400255150.0,Main,2
2026-04-01,66.84,2031-06-20,429,26693232684.0,Main,2
2026-04-02,68.0,2031-06-20,391,21466888360.0,Main,2
2026-04-07,65.828,2031-06-20,362,20503445978.0,Main,2
2026-04-08,59.870000000000005,2031-06-20,519,32123362042.0,Main,2
2026-04-09,59.86615,2031-06-20,280,15468055928.0,Main,2
2026-04-10,58.08,2031-06-20,231,12811915982.0,Main,2
2026-04-13,59.6155,2031-06-20,260,13691400120.0,Main,2
2026-04-14,57.0255,2031-06-20,275,16413732652.0,Main,2
2026-04-15,56.86,2031-06-20,268,13805915920.0,Main,2
2026-04-16,56.9165,2031-06-20,208,11145218989.0,Main,2
2026-04-17,55.577,2031-06-20,257,14264070000.0,Main,2
2026-04-20,56.589999999999996,2031-06-20,197,10943705972.0,Main,2
2026-04-21,57.5,2031-06-20,266,14658488169.0,Main,2
2026-04-22,57.99999999999999,2031-06-20,215,9900990198.0,Main,2
2026-04-23,58.625,2031-06-20,322,16443060060.0,Main,2
2026-04-24,58.625,2031-06-20,241,12134292032.0,Main,2
2026-04-27,58.7225,2031-06-20,186,9308985946.0,Main,2
2026-04-28,59.160000000000004,2031-06-20,218,10955956857.0,Main,2
2026-04-29,59.65,2031-06-20,175,8588917958.0,Main,2
2026-04-30,59.99,2031-06-20,239,9756654021.0,Main,2
2026-05-01,57.6038,2031-06-20,126,7141931955.0,Main,2
2026-05-05,58.25555,2031-06-20,205,9308549900.0,Main,2
2026-05-06,55.8275,2031-06-20,272,16446807890.0,Main,2
2026-05-07,55.565,2031-06-20,233,12164721910.0,Main,2
2026-05-08,56.333749999999995,2031-06-20,170,7216696991.0,Main,2
2026-05-11,56.4525,2031-06-20,146,7020402000.0,Main,2
2026-05-12,57.470000000000006,2031-06-20,271,13269561916.0,Main,2
2026-05-13,57.5,2031-06-20,181,7654999989.0,Main,2
2026-05-14,56.48225000000001,2031-06-20,138,8366773949.0,Main,2
2026-05-15,57.834999999999994,2031-06-20,225,13295579980.0,Main,2
2026-05-18,57.532,2031-06-20,209,10801125063.0,Main,2
2026-05-19,58.069,2031-06-20,209,11178982056.0,Main,2
2026-05-20,57.324999999999996,2031-06-20,305,18849381165.0,Main,2
2026-05-21,56.653,2031-06-20,220,12011648022.0,Main,2
2026-05-22,55.525,2031-06-20,196,11696162105.0,Main,2
2026-05-26,54.25,2031-06-20,206,13463829832.0,Main,2
2026-05-27,53.699999999999996,2031-06-20,219,13049144162.0,Main,2
2026-05-28,54.022999999999996,2031-06-20,199,10542238791.0,Main,2
2026-05-29,52.75,2031-06-20,182,10529064000.0,Main,2
2026-06-01,53.5,2031-06-20,267,13616741904.0,Main,2
2026-06-02,52.92,2031-06-20,212,11893960220.0,Main,2
2026-06-03,53.4,2031-06-20,174,9842978144.0,Main,2
2026-06-04,53.5,2031-06-20,206,10437481114.0,Main,2
2026-06-05,53.3,2031-06-20,167,8283158944.0,Main,2
2026-06-08,54.31,2031-06-20,171,7991070070.0,Main,2
2026-06-09,53.290000000000006,2031-06-20,198,10691482054.0,Main,2
2026-06-10,54.3,2031-06-20,217,10076623992.0,Main,2
2026-06-11,54.1046,2031-06-20,187,8963539880.0,Main,2
2026-06-12,52.51,2031-06-20,248,16957082913.0,Main,2
2026-06-15,51.22,2031-06-20,206,13166516916.0,Main,2
2026-06-16,51.25,2031-06-20,145,8172009895.0,Main,2
2026-06-17,51.788880000000006,2031-06-20,187,9830239700.0,Main,2
2026-06-18,51.822,2031-06-20,160,10103013956.0,Main,2
2026-06-19,51.615,2031-06-20,83,3740450006.0,Main,2
2026-06-22,51.335,2031-06-20,125,6746668935.0,Main,2
2026-06-23,51.829,2031-06-20,164,8309573119.0,Main,2
2026-06-24,51.84,2031-06-20,141,7971158114.0,Main,2
2026-06-25,51.599999999999994,2031-06-20,117,6237439960.0,Main,2
2026-06-26,52.08,2031-06-20,179,10030484955.0,Main,2
2026-06-29,51.900999999999996,2031-06-20,115,5979455960.0,Main,2
2026-06-30,51.55,2031-06-20,183,11271341943.0,Main,2
2026-07-01,51.73,2031-06-20,178,10329991102.0,Main,2
2026-07-02,50.980000000000004,2031-06-20,146,7488619950.0,Main,2
2026-07-03,50.67999999999999,2031-06-20,41,1982254985.0,Main,2
2026-07-06,50.516,2031-06-20,111,6216864949.0,Main,2
2026-07-07,50.7825,2031-06-20,134,7264979922.0,Main,2
2026-07-08,52.15275,2031-06-20,274,16989693054.0,Main,2
2026-07-09,51.73350000000001,2031-06-20,142,8448519888.0,Main,2
2026-07-10,51.529999999999994,2031-06-20,102,4998847968.0,Main,2
2026-07-13,52.285,2031-06-20,125,6703870128.0,Main,2
2026-07-14,53.0,2031-06-20,209,12963574875.0,Main,2
2026-07-15,52.5475,2031-06-20,172,11634142958.0,Main,2
2026-07-16,52.525000000000006,2031-06-20,143,8342917972.0,Main,2
2026-07-17,53.39,2031-06-20,183,10911298000.0,Main,2
2026-07-20,53.18,2031-06-20,129,7471342946.0,Main,2
2026-07-21,52.933,2031-06-20,171,9797290040.0,Main,2
2026-07-22,53.071250000000006,2031-06-20,178,12154721913.0,Main,2
2026-07-23,54.602999999999994,2031-06-20,320,19790389000.0,Main,2
2026-07-24,55.55,2031-06-20,217,12736774875.0,Main,2
2026-07-27,53.35,2031-06-20,216,13806212000.0,Main,2
2026-07-28,54.0,2031-06-20,191,10747831898.0,Main,2
2026-07-29,54.5,2031-06-20,215,12513713609.0,Main,2
2026-07-30,54.447500000000005,2031-06-20,242,14111820020.0,Main,2
2026-07-31,53.42616650000001,2031-06-20,218,12480583853.0,Main,2
2026-08-03,52.3675,2031-06-20,224,15257325279.0,Main,2
2026-08-04,51.2795,2031-06-20,185,11296274725.0,Main,2
2026-08-05,50.930499999999995,2031-06-20,184,9885530380.0,Main,2
2026-08-06,51.253600000000006,2031-06-20,136,7167027916.0,Main,2
2026-08-07,51.232499999999995,2031-06-20,102,5644085045.0,Main,2
2026-08-10,51.3,2031-06-20,82,4924883916.0,Main,2
2026-08-11,51.71,2031-06-20,145,8069229985.0,Main,2
2026-08-12,51.525,2031-06-20,121,6448645989.0,Main,2
2026-08-13,51.0762,2031-06-20,139,9755425896.0,Main,2
2026-08-14,50.905,2031-06-20,82,5477399748.0,Main,2
2026-08-17,51.35,2031-06-20,95,5653888024.0,Main,2
2026-08-18,52.23025,2031-06-20,164,10785860060.0,Main,2
2026-08-19,51.678000000000004,2031-06-20,185,14061687840.0,Main,2
2026-08-20,51.9949,2031-06-20,121,7393023916.0,Main,2
2026-08-21,51.6375,2031-06-20,135,7981415934.0,Main,2
2026-08-24,51.4125,2031-06-20,85,5212567033.0,Main,2
2026-08-25,50.866,2031-06-20,129,8610596160.0,Main,2
2026-08-26,50.683499999999995,2031-06-20,74,4144059940.0,Main,2
2026-08-27,50.875,2031-06-20,152,9133963874.0,Main,2
2026-08-28,51.04,2031-06-20,100,6070177986.0,Main,2
2026-09-01,51.958,2031-06-20,220,13015312568.0,Main,2
2026-09-02,52.03,2031-06-20,149,7846937937.0,Main,2
2026-09-03,51.875,2031-06-20,126,6985838874.0,Main,2
2026-09-04,51.38,2031-06-20,88,4984290010.0,Main,2
2026-09-07,51.375,2031-06-20,53,2669827003.0,Main,2
2026-09-08,51.555555,2031-06-20,109,5474032112.0,Main,2
2026-09-09,52.29,2031-06-20,215,13202869054.0,Main,2
2026-09-10,53.19499999999999,2031-06-20,255,16579896593.0,Main,2
2026-09-11,53.375,2031-06-20,250,15572057946.0,Main,2
2026-09-14,54.351,2031-06-20,273,18141999952.0,Main,2
2026-09-15,54.836,2031-06-20,247,14716500050.0,Main,2
2026-09-16,54.29875,2031-06-20,256,15881443688.0,Main,2
2026-09-17,52.838,2031-06-20,184,11851825937.0,Main,2
2026-09-18,53.724000000000004,2031-06-20,263,16832710035.0,Main,2
2026-09-21,58.900000000000006,2031-12-20,420,41587581280.0,Main,3
2026-09-22,57.896,2031-12-20,315,24218066838.0,Main,3
2026-09-23,58.5245,2031-12-20,284,18689262470.0,Main,3
2026-09-24,60.095,2031-12-20,347,21037218530.0,Main,3
2026-09-25,60.65,2031-12-20,285,18949989730.0,Main,3
2026-09-28,61.715,2031-12-20,298,18415871924.0,Main,3
2026-09-29,61.733850000000004,2031-12-20,268,16831987855.0,Main,3
2026-09-30,62.2425,2031-12-20,306,20464078092.0,Main,3
2026-10-01,64.1,2031-12-20,533,34221521315.0,Main,3
2026-10-02,65.625,2031-12-20,623,39387418336.0,Main,3
2026-10-05,64.8835,2031-12-20,338,19355014355.0,Main,3
2025-09-24,263.25,2030-12-20,1,10000000.0,Xover,1
2025-10-06,261.967,2030-12-20,117,1587804779.0,Xover,1
2025-10-07,262.28499999999997,2030-12-20,111,1956213582.0,Xover,1
2025-10-08,265.5285,2030-12-20,155,2331156618.0,Xover,1
2025-10-09,269.971,2030-12-20,227,3731646060.0,Xover,1
2025-10-10,276.8025,2030-12-20,271,5010359132.0,Xover,1
2025-10-13,282.25,2030-12-20,255,3895878600.0,Xover,1
2025-10-14,286.11850000000004,2030-12-20,289,4648209373.0,Xover,1
2025-10-15,269.25,2030-12-20,259,4808505800.0,Xover,1
2025-10-16,269.7,2030-12-20,169,2747367600.0,Xover,1
2025-10-17,278.5017,2030-12-20,280,4281110419.0,Xover,1
2025-10-20,272.57849999999996,2030-12-20,128,1904036211.0,Xover,1
2025-10-21,268.4,2030-12-20,163,2887558781.0,Xover,1
2025-10-22,269.5,2030-12-20,115,1733684020.0,Xover,1
2025-10-23,269.5,2030-12-20,143,3023714752.0,Xover,1
2025-10-24,265.25,2030-12-20,118,1896329400.0,Xover,1
2025-10-27,259.8175,2030-12-20,120,2020552070.0,Xover,1
2025-10-28,258.0695,2030-12-20,144,3110688800.0,Xover,1
2025-10-29,258.4,2030-12-20,165,2941230364.0,Xover,1
2025-10-30,262.7025,2030-12-20,156,2398584809.0,Xover,1
2025-10-31,262.389,2030-12-20,112,1683211000.0,Xover,1
2025-11-03,264.40000000000003,2030-12-20,137,2036392030.0,Xover,1
2025-11-04,268.4785,2030-12-20,182,2719601411.0,Xover,1
2025-11-05,265.75,2030-12-20,117,1835004011.0,Xover,1
2025-11-06,264.25,2030-12-20,197,3311354177.0,Xover,1
2025-11-07,270.0,2030-12-20,163,2686210000.0,Xover,1
2025-11-10,262.565,2030-12-20,120,2071537980.0,Xover,1
2025-11-11,261.444437,2030-12-20,103,1378343803.0,Xover,1
2025-11-12,258.3945,2030-12-20,139,1713829194.0,Xover,1
2025-11-13,261.407875,2030-12-20,132,1701229600.0,Xover,1
2025-11-14,268.0,2030-12-20,216,3315483666.0,Xover,1
2025-11-17,266.51,2030-12-20,124,1999001235.0,Xover,1
2025-11-18,272.3645,2030-12-20,258,3900698537.0,Xover,1
2025-11-19,268.3155,2030-12-20,206,3159914818.0,Xover,1
2025-11-20,261.656,2030-12-20,165,2287094389.0,Xover,1
2025-11-21,270.50149999999996,2030-12-20,262,3889725374.0,Xover,1
2025-11-24,264.355,2030-12-20,138,1793305218.0,Xover,1
2025-11-25,262.0,2030-12-20,177,2739292016.0,Xover,1
2025-11-26,259.75,2030-12-20,133,1995967940.0,Xover,1
2025-11-27,258.03,2030-12-20,66,1085352000.0,Xover,1
2025-11-28,257.78,2030-12-20,77,999128400.0,Xover,1
2025-12-01,257.65,2030-12-20,105,1583798000.0,Xover,1
2025-12-02,254.907,2030-12-20,97,1428621782.0,Xover,1
2025-12-03,254.718,2030-12-20,109,1621867655.0,Xover,1
2025-12-04,254.8255,2030-12-20,93,1345996400.0,Xover,1
2025-12-05,253.0,2030-12-20,82,1080851986.0,Xover,1
2025-12-08,253.7,2030-12-20,99,1461447189.0,Xover,1
2025-12-09,256.455,2030-12-20,130,2415545216.0,Xover,1
2025-12-10,255.75,2030-12-20,97,1344627000.0,Xover,1
2025-12-11,249.485,2030-12-20,156,2357942414.0,Xover,1
2025-12-12,248.0115,2030-12-20,107,1549176218.0,Xover,1
2025-12-15,249.72,2030-12-20,75,1072971985.0,Xover,1
2025-12-16,249.75,2030-12-20,98,1834289783.0,Xover,1
2025-12-17,250.2715,2030-12-20,118,2094612811.0,Xover,1
2025-12-18,248.086,2030-12-20,117,1622900400.0,Xover,1
2025-12-19,246.0,2030-12-20,83,1295078008.0,Xover,1
2025-12-22,245.464,2030-12-20,40,587705995.0,Xover,1
2025-12-23,243.825,2030-12-20,42,452843210.0,Xover,1
2025-12-24,244.16500000000002,2030-12-20,3,15000000.0,Xover,1
2025-12-29,246.942,2030-12-20,49,704632803.0,Xover,1
2025-12-30,243.28674999999998,2030-12-20,36,477520000.0,Xover,1
2025-12-31,243.95,2030-12-20,3,19000000.0,Xover,1
2026-01-02,243.535,2030-12-20,50,729541402.0,Xover,1
2026-01-05,243.111,2030-12-20,93,1433405209.0,Xover,1
2026-01-06,242.202,2030-12-20,106,1616648393.0,Xover,1
2026-01-07,242.5,2030-12-20,122,1896071122.0,Xover,1
2026-01-08,244.00000000000003,2030-12-20,91,1551730784.0,Xover,1
2026-01-09,241.15,2030-12-20,84,1463555226.0,Xover,1
2026-01-12,241.36,2030-12-20,87,1352891825.0,Xover,1
2026-01-13,240.25,2030-12-20,110,1728989200.0,Xover,1
2026-01-14,244.03000000000003,2030-12-20,144,2145552786.0,Xover,1
2026-01-15,242.18525,2030-12-20,100,1529003000.0,Xover,1
2026-01-16,243.18200000000002,2030-12-20,127,2195608000.0,Xover,1
2026-01-19,249.13500000000002,2030-12-20,175,3003348000.0,Xover,1
2026-01-20,255.0694,2030-12-20,333,5122984777.0,Xover,1
2026-01-21,250.5,2030-12-20,313,5617028078.0,Xover,1
2026-01-22,241.91000000000003,2030-12-20,172,2861615980.0,Xover,1
2026-01-23,242.25,2030-12-20,101,1366755592.0,Xover,1
2026-01-26,242.955,2030-12-20,78,1052574412.0,Xover,1
2026-01-27,241.0,2030-12-20,127,1994043964.0,Xover,1
2026-01-28,243.5,2030-12-20,115,1629567391.0,Xover,1
2026-01-29,246.4245,2030-12-20,157,2402505949.0,Xover,1
2026-01-30,246.625,2030-12-20,133,2052415970.0,Xover,1
2026-02-02,246.29999999999998,2030-12-20,179,2701501816.0,Xover,1
2026-02-03,242.3735,2030-12-20,155,2321770188.0,Xover,1
2026-02-04,244.43,2030-12-20,141,1853736000.0,Xover,1
2026-02-05,248.385,2030-12-20,197,2596857586.0,Xover,1
2026-02-06,246.855,2030-12-20,206,2876406000.0,Xover,1
2026-02-09,242.898,2030-12-20,138,1920715600.0,Xover,1
2026-02-10,241.30100000000002,2030-12-20,107,1464354008.0,Xover,1
2026-02-11,243.362,2030-12-20,183,2540424586.0,Xover,1
2026-02-12,242.6575,2030-12-20,118,1836663776.0,Xover,1
2026-02-13,247.663,2030-12-20,168,2445403955.0,Xover,1
2026-02-16,248.125,2030-12-20,66,968967602.0,Xover,1
2026-02-17,251.445,2030-12-20,208,2882565779.0,Xover,1
2026-02-18,247.60399999999998,2030-12-20,164,2252565373.0,Xover,1
2026-02-19,248.99999999999997,2030-12-20,185,2377352993.0,Xover,1
2026-02-20,249.355,2030-12-20,157,1858955616.0,Xover,1
2026-02-23,248.44000000000003,2030-12-20,145,1975680811.0,Xover,1
2026-02-24,252.59,2030-12-20,253,3237881268.0,Xover,1
2026-02-25,250.793,2030-12-20,216,2848312020.0,Xover,1
2026-02-26,252.51,2030-12-20,229,2953144384.0,Xover,1
2026-02-27,259.925,2030-12-20,313,4437510000.0,Xover,1
2026-03-02,269.125,2030-12-20,478,6853151880.0,Xover,1
2026-03-03,277.46575,2030-12-20,472,7271822344.0,Xover,1
2026-03-04,267.809,2030-12-20,417,6279731785.0,Xover,1
2026-03-05,269.4,2030-12-20,428,6630763338.0,Xover,1
2026-03-06,284.96000000000004,2030-12-20,508,8935171653.0,Xover,1
2026-03-09,303.19765,2030-12-20,576,10046504276.0,Xover,1
2026-03-10,277.2,2030-12-20,521,9248384873.0,Xover,1
2026-03-11,284.28,2030-12-20,449,6862934106.0,Xover,1
2026-03-12,294.7335,2030-12-20,400,6199517000.0,Xover,1
2026-03-13,300.75,2030-12-20,413,7830712055.0,Xover,1
2026-03-16,305.38800000000003,2030-12-20,367,5881088664.0,Xover,1
2026-03-17,295.287813,2030-12-20,378,6035575959.0,Xover,1
2026-03-18,297.085,2030-12-20,398,7143003548.0,Xover,1
2026-03-19,309.5,2030-12-20,486,8066075800.0,Xover,1
2026-03-20,311.0375,2030-12-20,522,15114636977.0,Xover,1
2026-03-23,343.15000000000003,2031-06-20,494,8645545132.0,Xover,2
2026-03-24,342.5,2031-06-20,313,4710623209.0,Xover,2
2026-03-25,332.0,2031-06-20,362,5078243162.0,Xover,2
2026-03-26,342.96799999999996,2031-06-20,336,4428739626.0,Xover,2
2026-03-27,362.27250000000004,2031-06-20,338,4648113373.0,Xover,2
2026-03-30,364.70000000000005,2031-06-20,288,3543332800.0,Xover,2
2026-03-31,354.45,2031-06-20,328,4983926466.0,Xover,2
2026-04-01,331.76485,2031-06-20,424,6267697225.0,Xover,2
2026-04-02,337.6553,2031-06-20,316,4327587272.0,Xover,2
2026-04-07,327.15000000000003,2031-06-20,333,4855515600.0,Xover,2
2026-04-08,299.35415,2031-06-20,482,7999549000.0,Xover,2
2026-04-09,300.0,2031-06-20,245,3274372182.0,Xover,2
2026-04-10,290.99424999999997,2031-06-20,200,2939581200.0,Xover,2
2026-04-13,298.9,2031-06-20,224,2919645628.0,Xover,2
2026-04-14,286.108,2031-06-20,249,3639287724.0,Xover,2
2026-04-15,283.65000000000003,2031-06-20,223,3408001574.0,Xover,2
2026-04-16,283.075,2031-06-20,247,3707520800.0,Xover,2
2026-04-17,275.8223,2031-06-20,201,3855270000.0,Xover,2
2026-04-20,279.5,2031-06-20,185,2511323389.0,Xover,2
2026-04-21,281.35775,2031-06-20,226,3374736852.0,Xover,2
2026-04-22,285.017,2031-06-20,167,2206494030.0,Xover,2
2026-04-23,288.4375,2031-06-20,314,4941668841.0,Xover,2
2026-04-24,289.205,2031-06-20,238,3416774400.0,Xover,2
2026-04-27,289.475,2031-06-20,166,2499096587.0,Xover,2
2026-04-28,291.8601,2031-06-20,220,3339180955.0,Xover,2
2026-04-29,294.5155,2031-06-20,187,2517656791.0,Xover,2
2026-04-30,297.5,2031-06-20,292,4001018422.0,Xover,2
2026-05-01,286.055,2031-06-20,98,1642196789.0,Xover,2
2026-05-04,294.975,2031-06-20,2,50000000.0,Xover,2
2026-05-05,288.442222,2031-06-20,162,2481055910.0,Xover,2
2026-05-06,275.255,2031-06-20,270,4726132768.0,Xover,2
2026-05-07,273.94000000000005,2031-06-20,170,2626701586.0,Xover,2
2026-05-08,277.566,2031-06-20,114,1639260591.0,Xover,2
2026-05-11,277.75,2031-06-20,138,1947919600.0,Xover,2
2026-05-12,281.3665,2031-06-20,188,2444944784.0,Xover,2
2026-05-13,281.675,2031-06-20,155,1722267800.0,Xover,2
2026-05-14,274.75,2031-06-20,174,2504751990.0,Xover,2
2026-05-15,280.381,2031-06-20,222,3308658400.0,Xover,2
2026-05-18,280.67,2031-06-20,271,3600034024.0,Xover,2
2026-05-19,284.05,2031-06-20,220,3088541214.0,Xover,2
2026-05-20,282.625,2031-06-20,299,4250861221.0,Xover,2
2026-05-21,279.748,2031-06-20,208,2637177000.0,Xover,2
2026-05-22,274.89300000000003,2031-06-20,139,1819399603.0,Xover,2
2026-05-26,268.928,2031-06-20,163,2509669980.0,Xover,2
2026-05-27,265.5525,2031-06-20,215,3410416060.0,Xover,2
2026-05-28,266.0,2031-06-20,203,2956864358.0,Xover,2
2026-05-29,259.46500000000003,2031-06-20,177,2993388000.0,Xover,2
2026-06-01,260.498,2031-06-20,227,3053461980.0,Xover,2
2026-06-02,258.755,2031-06-20,160,2638053263.0,Xover,2
2026-06-03,261.3,2031-06-20,194,3246828454.0,Xover,2
2026-06-04,262.0,2031-06-20,193,3061731236.0,Xover,2
2026-06-05,261.33750000000003,2031-06-20,151,2448272574.0,Xover,2
2026-06-08,266.29575,2031-06-20,198,3056442838.0,Xover,2
2026-06-09,261.294,2031-06-20,180,2930814820.0,Xover,2
2026-06-10,264.895,2031-06-20,243,3760380800.0,Xover,2
2026-06-11,263.9595,2031-06-20,220,3558195146.0,Xover,2
2026-06-12,254.99999999999997,2031-06-20,247,4186641373.0,Xover,2
2026-06-15,248.25,2031-06-20,158,2888366179.0,Xover,2
2026-06-16,248.6664,2031-06-20,136,2245503976.0,Xover,2
2026-06-17,250.9635,2031-06-20,165,2448283910.0,Xover,2
2026-06-18,251.40750000000003,2031-06-20,166,2712231189.0,Xover,2
2026-06-19,249.375,2031-06-20,89,1600480000.0,Xover,2
2026-06-22,247.48250000000002,2031-06-20,130,2209152382.0,Xover,2
2026-06-23,249.20000000000002,2031-06-20,171,2839657236.0,Xover,2
2026-06-24,248.0765,2031-06-20,160,2663418838.0,Xover,2
2026-06-25,246.91,2031-06-20,140,2470745985.0,Xover,2
2026-06-26,248.83,2031-06-20,124,1661339791.0,Xover,2
2026-06-29,247.14,2031-06-20,125,1975755587.0,Xover,2
2026-06-30,244.125,2031-06-20,192,3510587578.0,Xover,2
2026-07-01,245.739,2031-06-20,145,2440661232.0,Xover,2
2026-07-02,242.702,2031-06-20,122,2142798985.0,Xover,2
2026-07-03,241.515,2031-06-20,54,1010256991.0,Xover,2
2026-07-06,240.18470000000002,2031-06-20,88,1403102989.0,Xover,2
2026-07-07,240.39999999999998,2031-06-20,121,2185451966.0,Xover,2
2026-07-08,247.9,2031-06-20,285,4555153228.0,Xover,2
2026-07-09,246.04999999999998,2031-06-20,127,2584478946.0,Xover,2
2026-07-10,244.29500000000002,2031-06-20,104,1642026792.0,Xover,2
2026-07-13,247.92874999999998,2031-06-20,100,1674414055.0,Xover,2
2026-07-14,252.35,2031-06-20,215,3307989584.0,Xover,2
2026-07-15,249.925,2031-06-20,173,3008712600.0,Xover,2
2026-07-16,250.995,2031-06-20,130,2284285600.0,Xover,2
2026-07-17,256.9398,2031-06-20,199,3754454000.0,Xover,2
2026-07-20,255.938,2031-06-20,157,2928368356.0,Xover,2
2026-07-21,255.2155,2031-06-20,139,2444329817.0,Xover,2
2026-07-22,257.426,2031-06-20,141,2530817990.0,Xover,2
2026-07-23,264.76980000000003,2031-06-20,275,4769945200.0,Xover,2
2026-07-24,267.5,2031-06-20,217,4038046173.0,Xover,2
2026-07-27,258.4792,2031-06-20,191,3304664800.0,Xover,2
2026-07-28,261.15,2031-06-20,228,4437545538.0,Xover,2
2026-07-29,266.01,2031-06-20,234,3511109130.0,Xover,2
2026-07-30,265.515,2031-06-20,212,3570516000.0,Xover,2
2026-07-31,259.118,2031-06-20,161,2916272362.0,Xover,2
2026-08-03,253.5,2031-06-20,195,4243801902.0,Xover,2
2026-08-04,249.921,2031-06-20,163,3060512537.0,Xover,2
2026-08-05,249.14499999999998,2031-06-20,169,2811020090.0,Xover,2
2026-08-06,250.73000000000002,2031-06-20,124,2333204366.0,Xover,2
2026-08-07,248.99999999999997,2031-06-20,103,1868808812.0,Xover,2
2026-08-10,249.2415,2031-06-20,88,1452030574.0,Xover,2
2026-08-11,252.10250000000002,2031-06-20,128,1847033600.0,Xover,2
2026-08-12,250.876,2031-06-20,105,1669397200.0,Xover,2
2026-08-13,248.02499999999998,2031-06-20,134,2013239188.0,Xover,2
2026-08-14,246.3456,2031-06-20,104,1752177916.0,Xover,2
2026-08-17,247.7605,2031-06-20,105,1787141616.0,Xover,2
2026-08-18,252.04500000000002,2031-06-20,185,3370314428.0,Xover,2
2026-08-19,250.49499999999998,2031-06-20,155,2860036581.0,Xover,2
2026-08-20,252.81080000000003,2031-06-20,148,2673926362.0,Xover,2
2026-08-21,251.143,2031-06-20,101,1951848372.0,Xover,2
2026-08-24,250.0,2031-06-20,91,1509002412.0,Xover,2
2026-08-25,246.6646,2031-06-20,154,2693282457.0,Xover,2
2026-08-26,245.453,2031-06-20,111,2473661146.0,Xover,2
2026-08-27,246.45,2031-06-20,135,2431513162.0,Xover,2
2026-08-28,246.71645,2031-06-20,78,1134111375.0,Xover,2
2026-09-01,251.67700000000002,2031-06-20,186,3541518855.0,Xover,2
2026-09-02,252.669,2031-06-20,212,3360663970.0,Xover,2
2026-09-03,251.84,2031-06-20,144,2521527358.0,Xover,2
2026-09-04,248.99999999999997,2031-06-20,96,1886741000.0,Xover,2
2026-09-07,249.494,2031-06-20,56,640298800.0,Xover,2
2026-09-08,250.87800000000001,2031-06-20,119,2149132840.0,Xover,2
2026-09-09,254.25,2031-06-20,184,3429589829.0,Xover,2
2026-09-10,259.70849999999996,2031-06-20,258,4980546298.0,Xover,2
2026-09-11,259.9375,2031-06-20,283,5103371167.0,Xover,2
2026-09-14,264.27,2031-06-20,281,5387947000.0,Xover,2
2026-09-15,264.71250000000003,2031-06-20,287,5063426000.0,Xover,2
2026-09-16,261.7675,2031-06-20,244,4393905513.0,Xover,2
2026-09-17,255.01,2031-06-20,233,4804583960.0,Xover,2
2026-09-18,257.0,2031-06-20,215,4188831200.0,Xover,2
2026-09-21,249.0635,2031-06-20,490,14468865624.0,Xover,2
2026-09-22,280.749,2031-12-20,321,8599545610.0,Xover,3
2026-09-23,282.0,2031-12-20,347,8291501843.0,Xover,3
2026-09-24,288.7,2031-12-20,353,7484609199.0,Xover,3
2026-09-25,292.91150000000005,2031-12-20,278,5888443478.0,Xover,3
2026-09-28,298.4654,2031-12-20,258,4611593566.0,Xover,3
2026-09-29,296.543,2031-12-20,255,4812677954.0,Xover,3
2026-09-30,297.60205,2031-12-20,260,4945949600.0,Xover,3
2026-10-01,307.25,2031-12-20,405,7772071055.0,Xover,3
2026-10-02,312.62699999999995,2031-12-20,459,8822958472.0,Xover,3
2026-10-05,312.778,2031-12-20,267,5587760804.0,Xover,3
